id,title,channelId,channelTitle,categoryId,publishedAt,tags,viewCount,likeCount,commentCount
FALlhXl6CmA,Conan O'Brien Needs a Doctor While Eating Spicy Wings | Hot Ones,UCPD_bxCRGpmmeQcbe2kpPaA,First We Feast,24,2024-04-11T15:00:10Z,"['First we feast', 'fwf', 'firstwefeast', 'food', 'food porn', 'cook', 'cooking', 'chef', 'recipe', 'cocktail', 'bartender', 'craft beer', 'complex', 'complex networks', 'spicy food', 'foodie', 'burgers', 'food documentary', 'conan', ""Late Night with Conan O'Brien"", ""The Tonight Show with Conan O'Brien"", 'NBC', 'SNL', 'Saturday night live']",3426773,253011,27822
YyAumYg5Hxc,"Tom MacDonald - ""God Mode""",UCElGBUWDCa05jRzc2PfmGqQ,Tom MacDonald,22,2024-04-12T15:59:13Z,"['Eminem', 'MGK', 'Token', 'Hopsin', 'Merkules', 'Chris Webby', 'Joyner Lucas', 'Tech N9ne', 'Yelawolf', 'Strange Music', 'Jellyroll', 'Upchurch', 'Adam Calhoun', 'Ryan Upchurch', 'Tom MacDonald', 'Tom MacDonald The System', 'Tom MacDonald New Song', 'New Tom MacDonald', 'tom macdonald reaction', 'Tom MacDonald Fake Woke', 'Tom MacDonald Sheeple', 'Tom MacDonald Facts', 'Ben Shapiro Facts', 'Tom MacDonald Ben Shapiro', 'Conservative Rapper', 'Right Wing Rapper', 'tom macdonald machine', 'ben shapiro', 'tom macdonald ben shapiro', 'hip hop']",468094,102815,21174
eVli-tstM5E,Sabrina Carpenter - Espresso (Official Video),UC4mYKePIas5YgGfYZ2J2OxQ,SabrinaCarpenterVEVO,10,2024-04-12T14:00:07Z,"['Sabrina', 'Carpenter', 'Espresso', 'Island', 'Records', 'Pop']",1102272,142326,5820
U4JYAx5rNRA,Bridgerton Season 3 | Official Trailer | Netflix,UCWOA1ZGywLbqmigxE4Qlvuw,Netflix,24,2024-04-11T13:00:00Z,"['Adjoa Andoh', 'Bridgerton', 'Bridgerton Netflix', 'Bridgerton Season 3', 'Bridgerton Season 3 Trailer', 'Bridgerton Series', 'Charithra Chandran', 'Claudia Jessie', 'Florence Hunt', 'Golda Rosheuvel', 'Harriet Cains', 'Jessica Madsen', 'Jonathan Bailey', 'Julia Quinn', 'Julie Andrews', 'Luke Newton', 'Luke Thompson', 'Martins Imhangbe', 'Nicola Coughlan', 'Phoebe Dynevor', 'Polly Walker', 'Ruby Stokes', 'Ruth Gemmell', 'Shonda Rhimes', 'Shondaland', 'Simone Ashley']",3384704,138847,5793
zTBflv2qBKY,Liverpool vs. Atalanta: Extended Highlights | UEL Quarter-Finals 1st Leg | CBS Sports Golazo,UCf8YPuOWXlpTS7RibaJlP4g,CBS Sports Golazo - Europe,17,2024-04-11T21:24:01Z,,826218,8374,1432
LYZW7wH3pVM,Genshin Impact Version 4.6 Special Program #NewVersion #SpecialProgram #GenshinImpact,UCiS882YPwZt1NfaM0gR0D9Q,Genshin Impact,20,2024-04-12T12:00:08Z,"['Amber', 'amber vtuber', 'genshi', 'genshi game', 'genshi impact', 'genshi video', 'genshin', 'genshin game', 'genshin impact', 'genshin impact 2020', 'genshin impact game', 'genshin impact good', 'genshin impact graphics', 'genshin impact introduction', 'genshin impact manga', 'genshin impact wiki', 'geshin', 'geshin game', 'Teyvat', 'yuanshen game', 'miHoYo China', 'miHoYo Japan', 'adventure story', 'open world game', 'anime style', 'MMORPG', 'anime games', 'mobile game', 'MMO PlayStation', 'yt:cc=on']",948870,63644,4107
ezlJzCNrXZ0,UFC 300: Pre-Fight Press Conference,UCvgfXK4nTYKudb0rFR6noLA,UFC,17,2024-04-12T00:59:56Z,"['ufc', 'mma', 'ultimate fighting championship', 'press conference', 'ufc 300', 'Jamahal Hill', 'Alex Pereira', 'Justin Gaethje', 'Max Holloway']",1067395,28606,3266
a9cyG_yfh1k,Dua Lipa - Illusion (Official Music Video),UC-J-KZfRV8c13fOCkhXdLiQ,Dua Lipa,10,2024-04-11T22:00:08Z,"['dua lipa', 'dua', 'new rules', 'dua leepa', 'idgaf', 'scared to be lonely', 'be the one', 'future nostalgia', ""don't start now"", ""let's get physical"", 'break my heart', 'radical optimism', 'training season', 'houdini']",3312497,221240,12292
5WLAUxb8AUk,"Version 4.6 ""Two Worlds Aflame, the Crimson Night Fades"" Trailer | Genshin Impact",UCiS882YPwZt1NfaM0gR0D9Q,Genshin Impact,20,2024-04-12T12:40:00Z,"['Amber', 'amber vtuber', 'genshi', 'genshi game', 'genshi impact', 'genshi video', 'genshin', 'genshin game', 'genshin impact', 'genshin impact 2020', 'genshin impact game', 'genshin impact good', 'genshin impact graphics', 'genshin impact introduction', 'genshin impact manga', 'genshin impact wiki', 'geshin', 'geshin game', 'Teyvat', 'yuanshen game', 'miHoYo China', 'miHoYo Japan', 'adventure story', 'open world game', 'anime style', 'MMORPG', 'anime games', 'mobile game', 'MMO PlayStation', 'yt:cc=on']",716500,63156,2897
t7bQwwqW-Hc,Shaboozey - A Bar Song (Tipsy) [Official Visualizer],UCmdsVknXGS2145yy8eQvplw,ShaboozeyVEVO,10,2024-04-12T04:00:36Z,"['Shaboozey', 'Bar', 'Song', '(Tipsy)', '[Official', 'Visualizer]', 'American', 'Dogwood', 'EMPIRE', 'Country']",675438,16416,911
7D0wFf4GqLI,Coming Soon: New Pok√©mon GO Updates,UCA698bls2pjQyiqP9N-iaeg,Pok√©mon GO,20,2024-04-11T13:00:06Z,"['Pok√©mon', 'Pok√©mon GO', 'Niantic', 'Niantic Labs', 'Pikachu', 'The Pok√©mon Company', 'The Pok√©mon Company International']",471545,4521,1760
OU__5jImEm0,Bryson DeChambeau's First Round | Every Single Shot | The Masters,UCSZxaHGo1OEs06vQumIooug,The Masters,17,2024-04-12T01:18:01Z,"['Masters', 'Tournament', 'Golf', 'Augusta', 'National', 'Club']",518286,5591,550
oSca__bu0is,NLE Choppa - SLUT ME OUT 2 (Official Music Video),UCWICXNlSLc7eeNazpzUZcLg,NLE CHOPPA,10,2024-04-12T04:00:34Z,"['nle choppa', 'Nle Choppa', 'Nle Choppa Shorts', 'Nle Choppa Music', 'nlechoppafunny', 'newmusic', 'new nle choppa', 'nle choppa short', 'nle', 'choppa', 'nle choppa funny', 'nle choppa dance', 'nle choppa music', 'nle choppa music video', 'nle choppa videos', 'slut me out music video', 'slut me out 2', 'slut me out 2 music video', 'nle choppa slut me out 2', 'nle choppa slut me out', 'nle choppa slut me out 2 music video', 'nle choppa slut me out 2 official', 'nle choppa type beat', 'nle choppa official music video']",246596,22471,1974
xy8aJw1vYHo,Joker: Folie √† Deux | Official Teaser Trailer,UCjmJDM5pRKbUlVIzDYYWb6g,Warner Bros. Pictures,1,2024-04-10T00:53:54Z,"['2024', 'Arthur Fleck', 'Coming Soon', 'DC', 'DC Comics', 'Harley Quinn', 'Joaquin Phoenix', 'Joker', 'Joker 2', 'Joker Movie', 'Joker2', 'Joker: Folie a Deux', 'Joker: Folie √† Deux', 'JokerFolie√†Deux', 'JokerMovie', 'Lady Gaga', 'Todd Phillips', 'Trailer', 'WB', 'Warner Bros', 'Warner Brothers']",23897031,714951,34554
QJOBC9O4YAk,PSG vs. Barcelona: Extended Highlights | UCL Quarter-Finals 1st Leg | CBS Sports Golazo,UCET00YnetHT7tOpu12v8jxg,CBS Sports Golazo,17,2024-04-10T21:13:53Z,"['Champions League', 'Europa League', 'Soccer', 'UEFA', 'UCL', 'European Soccer', 'European Football', 'European Futbol', 'UEL', 'UCL Highlights', 'Champions League Highlights', 'Football', 'CBS Golazo', 'CBS', 'Micah Richards', 'Jamie Carragher', 'Thierry Henry', 'CBS Studio']",1502677,17634,1814
9B9eR0IOK18,Kodak Black - Stressed Out [Official Music Video],UChEYVadfkMCfrKUi6qr3I1Q,Kodak Black,10,2024-04-11T01:30:08Z,"['kodak', 'black', 'kodak black', 'atlantic records', 'roll in peace', 'codeine dreaming', 'tunnel vision', 'drowning', 'transportin', 'heart break kodak', 'project baby 2', 'Kodak Black Bill Israel', 'Bill Israel', 'Sniper', 'Sniper Gang', 'Hip Hop', 'Rap', 'Kodak Black I Knew It', 'Kodak Bill Israel', 'Kodak Black Easter in Miami', 'Easter', 'Easter in Miami', 'Kodak Easter', 'Kodak Black Haitian Boy Kodak', 'Haitian Boy Kodak', 'Kodak Black HBK', 'HBK', 'Kodak Black Happy Birthday Kodak', 'Happy Birthday Kodak']",1077962,87155,7026
P53UY4uIlYY,Can You Beat Minecraft in a Potato ONLY World?,UCIVSqoHCUN1XdEpiVItxfoQ,aCookieGod,20,2024-04-12T12:00:18Z,"['acookiegod', 'a cookie god', 'a cookie god minecraft', 'cookie minecraft', 'minecraft cookie', 'minecraft cookie god', 'cookie god', 'acookiegod series', 'acookiegod hardcore', 'minecraft hardcore', 'hardcore minecraft', 'minecraft', 'extracookie', 'minecraft poisonous potato update', 'minecraft snapshot 24w14potato', 'minecraft potato update', 'minecraft april fools', 'minecraft potato dimension', 'can you beat minecraft in a potato only world', 'minecraft but the world is only potato', 'minecraft potato']",386635,18102,1847
emg78D2hz3A,"Key Glock, Young Dolph - Let's Go (Remix) (Official Visualizer)",UCADo7wziGq2P0JNUrPb_tfg,KeyGlockVEVO,10,2024-04-12T04:00:22Z,"['Key', 'Glock', 'Young', 'Dolph', ""Let's"", '(Remix)', '(Official', 'Visualizer)', 'Paper', 'Route', 'EMPIRE', 'Rap/Hip-Hop']",163732,15517,1329
3BMJT3j2mkU,Hermitcraft 10 - Ep 11:  This Episode Changes Everything!,UCodkNmk9oWRTIYZdr_HuSlg,GoodTimesWithScar,20,2024-04-12T15:30:01Z,"['minecraft', 'hermitcraft 10', 'hermitcraft season 10', 'minecraft hermitcraft', 'season 10', 'permit office', 'hermitcraft', 'hermit craft', 'hermitcraft season 10 scar', 'hermitcraft 10 scar', 'hermitcraft goodtimeswithscar', 'permit office hermitcraft', 'permit office grian', 'hermitcraft zoo train', 'hermitcraft zoo', 'goodtimeswithscar', 'scar', 'scar permit office']",295170,26547,2014
BlUxw-0lS94,Season 10: Venture Forth | Overwatch 2 Official Trailer,UClOf1XXinvZsy4wKPAkro2A,PlayOverwatch,20,2024-04-11T16:00:16Z,"['Overwatch 2', 'Overwatch']",535880,30793,3322
QK1mAdqnJ1Q,Chl√∂e - Boy Bye (Official Video),UCmxvJOoTGGhWJabszw4oaeQ,ChloeBaileyVEVO,10,2024-04-12T04:00:06Z,"['Chl√∂e Bailey', 'Chloe', 'Chloe Bailey', 'BoyBye', 'Won‚Äôt Even Cry', 'Go Cry To Your Mama', 'FYS', 'Have Mercy', 'Treat Me', 'Surprise', 'For The Night', 'In Pieces', 'Body Do', 'Chloe Halle', 'Chloe and Halle', 'New Chloe', 'Ungodly Hour', 'Do It', 'Chloe Song', 'Boy Bye', 'Chl√∂e', 'Pop']",362184,43138,3057
djIufZ7Fyms,I made FLAPPY BIRD in DUMB programs,UC0e3QhIYukixgh5VVpKHH9Q,Code Bullet,27,2024-04-12T00:29:38Z,"['artificial', 'intelligence', 'coding', 'processing', 'java', 'machine', 'learning', 'genetic', 'algorithm', 'evolution', 'computer', 'science', 'programming', 'comedy', 'educational']",682981,64628,2844
idyT3hSTSRc,Carin Le√≥n - Cuando La Vida Sea Trago [Official Video],UCywpKTAjNjHv53c0TX3K_KQ,Carin Leon,10,2024-04-12T00:00:08Z,"['carin leon', 'pa las de vidrio', 'plomo a mayoreo', 'a traves del vaso', 'tupido y ancho', 'lenin ramirez', 'gerardo ortiz', 'el fantasma', 'la vecindad', 'halcon sierra', 'chalino sanchez', 'pedro infante', 'jose alfredo jimenez', 'el rey de mil coronas', 'lalo mora', 'corridos', 'rancheras', 'ruge el leon', 'julion alvarez', 'ramon ayala', 'extrana manera', 'estoy aqui', 'quiereme', 'mi sentir', 'regulo caro', 'cristian nodal', 'plebes del rancho', 'oveja negra', 'dolor de cabeza', 'familia']",418961,20129,627
XN39ZM0Ip1I,Zach Bryan - 28,UCwK3C8Vgphad4PweezfUBAQ,Zach Bryan,10,2024-04-12T02:25:40Z,,164105,11130,901
g2N1CaSDOCg,"Goldman's father reflects on OJ's death, addresses his 'new normal'",UCu7G08TrwPx_0WH4M7OxjIQ,12 News,25,2024-04-11T23:18:16Z,"['[ valley', 'local ]', 'news']",239372,3716,1942
51zjlMhdSTE,Sabrina Carpenter - Espresso (Official Audio),UCPKWE1H6xhxwPlqUlKgHb_w,Sabrina Carpenter,10,2024-04-12T00:00:02Z,,396368,48664,2675
jrjESdPsLxE,Tinashe - Nasty (Official Video),UCgyMPfJl7ynJRfE2jQ18rJw,TinasheOfficialVEVO,10,2024-04-12T04:00:25Z,"['Tinashe', 'Nasty', '(Official', 'Video)', 'Music', 'Inc.', 'under', 'exclusive', 'license', 'Nice', 'Life', 'Recording', 'Company', 'R&B']",221851,24239,1682
S8aKWCxiLps,Fortnite x Avatar: Elements - Gameplay Trailer,UClG8odDC8TS6Zpqk9CGVQiQ,Fortnite,20,2024-04-11T14:00:06Z,['yt:cc=on'],692894,31348,2162
0hlUhPK6_qo,"PESO COMPLETO (Lyric Video) - Peso Pluma, Arc√°ngel",UCzrM_068Odho89mTRrrxqbA,Peso Pluma,10,2024-04-11T23:00:00Z,"['Peso Pluma', 'Arcangel', 'Peso', 'La Doble P', 'Double P', 'Peso Completo', 'Corridos', 'corridos b√©licos', 'corridos tumbados', 'Rimas', 'm√∫sica mexicana', 'regional mexicano']",577428,54241,3301
Q8eFLjrIlmU,"$100,000 Or A Helicopter? What Do I Choose? Also Justin Destroys His New Burnout Truck!!!",UCuuZHDQV1LRmeuRFIOETO2A,JH Diesel and 4X4,22,2024-04-11T21:15:00Z,"['jh', 'jh diesel', 'jh diesel and 4x4', 'diesel', 'duramax', 'cummins', 'powerstroke', 'giveaway', 'honda', 'acty', 'truck', 'cleetus mcfarland', 'army truck', 'lmtv', '5 ton', 'military', 'airboat', 'mud truck', 'race truck', 'jump', 'Le Mullets', '2.4 hours', 'Crown Vic', 'freedom factory', 'New Years eve', 'New Years bash', 'lawn mower', 'racing', 'can am', 'maverick', 'x3', 'sxs blog', 'sxs', 'sand dunes', 'jumping', 'hurricane', 'idalia']",264651,13025,1281
TjVXrw80MfU,I Built The Most Over The Top End Portal In Minecraft Hardcore,UC_GDu2QH3kp6vJlgEYyqjUA,Kolanii,20,2024-04-11T14:00:17Z,"['kolanii', 'I Built The Most Over The Top End Portal In Minecraft Hardcore', 'minecraft', 'hardcore']",516281,42694,2544
5VFLKunsQqo,I DESTROYED A ROLLS ROYCE TO REBUILD MARCUS RASHFORDS WRAITH,UC2FZQeaJkpnO6IMkQglvPsg,Mat Armstrong MK2,2,2024-04-11T18:33:49Z,"['marcus rashford', 'rolls royce', 'rashford crash', 'rashford car crash', 'marcus rashford crash', 'manchester united', 'rolls royce wraith', 'mat armstrong', 'matt armstrong', 'man utd news', 'marcus rashford rolls royce', 'rashford rolls royce accident', 'marcus rashfords car crash', 'rebuilding a rolls royce']",1597087,61907,3597
TxwN6dgO1uM,I did Something Bad | Ep. 6 | Minecraft S0S,UCzTlXb7ivVzuFlugVCv3Kvg,LDShadowLady,20,2024-04-11T17:04:59Z,"['ldshadowlady', 'minecraft', 'mini game', 'girl gamer', 'pink hair', 'funny', 'walkthrough']",458771,34486,2255
YQfC90O9HlI,I Built an Invisible Katana (it's indestructible),UC6ktP3PLU5sAJxN9Rb0TALg,Mike Shake,24,2024-04-10T17:59:52Z,"['mike shake', 'Skills', 'Learning new skills', 'Learn skills', 'learning skills', 'yesgo', 'mike', 'mike skills']",1581493,52578,2877
JyYQmekPqqI,We made a real DOGDAY Animatronic!,UCsxpEPfEgqyXC6jaFKQSKVQ,Wicked Makers,26,2024-04-10T20:00:02Z,"['Dogday', 'Dog Day', 'Poppy Playtime', 'Poppy Playtime chapter 3', 'Poppys Playtime', 'smiling critters', 'Dogday in real life', 'dogday animatronic', 'animatronic dogday', 'diy animatronics', 'wicked makers', '3d printing', 'pneumatic props', 'pneumatic animatronic', 'halloween animatronic', 'diy animatronic', 'dog day animatronic', 'huggy wuggy', 'catnap', 'dogday', 'real dogday', 'real dogday animatronic', 'real life dogday', 'real life dog day']",971886,37112,5443
kmtbk0siRIM,2025 Toyota 4Runner FULL Tour: It's Finally Here!,UCsqjHFMB_JYTaEnf_vmTNqg,Doug DeMuro,2,2024-04-10T02:15:01Z,,1050217,24508,3861
aVKXPYisye8,"Simon Says survive to win 10,000 v-bucks!",UCt9nYeSz90lnOnaVFjxFJzw,Nick Eh 30,20,2024-04-10T14:18:36Z,"['fortnite', 'fortnite gameplay', 'fortnite battle royale', 'fortnite funny moments', 'fortnite new update', 'fortnite victory royale', 'Fortnite Item Shop', 'Fortnite funny', 'Fortnite tips', 'Fortnite Update', 'Fortnite How To Win', 'Fortnite how to play', 'Fortnite Victory Royale', 'Fortnite tournament', 'fortnite best moments', 'Fortnite event', 'Nick eh 30', 'FORTNITE new map', 'Fortnite live', 'Fortnite nick eh 30', 'fortnite new season', 'Fortnite Chapter 5', 'Fortnite Chapter 5 Season 2', 'Fortnite season 2']",696137,11542,813
18jA6-kSg94,SIDEMEN BEING GOOD AT FOOTBALL FOR 7 MINUTES,UCzfVmyl18x2TTaWp0d5rBNQ,MiniminterClips,20,2024-04-11T14:00:01Z,,337006,11067,144
xamGwv3zPCU,"Julian Newman, D‚ÄôAydrian, Paul Pierce vs Josh Richards, Cash Nasty, Demarcus Cousins!",UC5qUhMoqke0mnJtgVoEn0aw,Creator League,17,2024-04-10T22:00:36Z,,182211,5738,880
VY2JoNWi-9o,We Still Don't Trust You,UC1_liDR4fRFJgH4HoJeV8cw,Future - Topic,10,2024-04-12T04:00:31Z,"['Future', '„Éï„É•„Éº„ÉÅ„É£„Éº', 'Metro Boomin', ""WE STILL DON'T TRUST YOU"", ""We Still Don't Trust You""]",337568,12460,506
amHIb5BL6gE,I Cheated With SCARY CAMERA In Build Battle...,UCtlERgjrNA5Fgr5yQQmmn3w,Quiff,20,2024-04-10T20:00:04Z,"['Quiff', 'Minecraft', 'I Cheated With SCARY CAMERA In Build Battle...', 'scary camera', '//scary', 'scary build battle', '//scare', 'scary minecraft', 'fnaf build battle', 'illegal minecraft', 'pro build', 'build pencil', 'shapeshift build battle', 'cheat with //draw', 'draw build battle', '//paste minecraft', 'building competition', 'cheating in build battle', 'stealing hearts', 'lifesteal', 'minecraft smp', 'minecraft trolling', 'doni bobes', 'bionic', 'minecraft hardcore', 'minecraft survival', 'quiff trapped', 'socksfor1']",403071,6551,298
crGbURdPRsc,We Played a YouTuber Simulator,UC-gW4TeZAlKm7UATp24JsWQ,SMii7Yplus,20,2024-04-10T16:00:27Z,"['smii7y', 'smii7yplus', 'smii7y+', 'smii7y plus', 'content warning', 'content warning game', 'content warning funny moments', 'content warning all monsters', 'content warning gameplay']",1481976,97324,1495
EoVha2o6Ldk,Jerk Meat Platter from Futurama | Binging with Babish,UCJHA_jMfCvEnv-3kRjTCQXw,Babish Culinary Universe,22,2024-04-11T13:00:12Z,"['babish', 'babbish', 'cooking with babish', 'binging with babish', 'pear qwerty horse', 'jerk platter', 'jerked meat', 'futurama', 'babish futurama', 'babish popplers', 'popplers futurama', 'binging with babish futurama', 'basic with babish', 'jerk meat platter', 'jerked meat platter', 'jerk meat futurama', 'jerk platter futurama']",391700,17687,463
yJ0ctmNvYVk,Open Thoughts with Skinbone..,UCNWHllkNIWv1MSvKcOzLsow,Open Thoughts,24,2024-04-10T02:10:00Z,,434826,16265,1798
dprcKCAmsTI,IT'S WEDDING WEEKEND!!! The Rehearsal & Welcome Party!!,UC7dw8ApJFo0hp1rVG2wnpaw,LaurDIY Vlogs,22,2024-04-10T19:19:59Z,"['laurdiy', 'laurdiy vlog', 'laurdiy vlog new', 'laurdiy new vlog', 'laurdiy new vlog channel', 'vlog', 'vlog squad', 'lauren diy', 'lauren riihimaki', 'laurdiy 2', 'vlogmas', 'laurdiy vlogmas', '75 hard', '75 soft', '75 hard challenge', 'laurdiy 75', 'laurdiy 75 hard', 'laurdiy 75 soft', 'laurdiy engaged', 'laurdiy proposal', 'laurdiy wedding', 'wedding planning', 'laurdiy welcome party', 'laurdiy married', 'laurdiy rehearsal', 'wedding rehearsal', 'hummingbird nest ranch', 'welcome party', 'wedding welcome party']",154868,8901,411
6VChofV3d0E,Helldivers 2 Review | TRIPLE THE DEFENSE BUDGET | Starship Bloopers,UCfgh3Ul_dG6plQ7rzuOLx-w,Max0r,20,2024-04-09T18:00:06Z,,1035139,105942,3534
kIcZiVNC-sE,The 2025 Toyota 4Runner is HERE! First look,UCfzWwxboCLyLw7KVfQj84eA,Extra Throttle House,22,2024-04-10T02:15:03Z,"['2025 toyota 4runner review', '2025 4runner', 'new 4runner', 'new toyota suv', '2024 toyota 4runner', 'turbo 4runner', 'toyota turbo', '2024 toyota tacoma', '2025 toyota tacoma', '4runner offroad', '4runner rock crawl', '4runner lift', 'best offroader', 'best overlander', 'best camping truck', 'best truck 2024', '2024 truck review', 'toyota vs jeep offroad', 'toyota vs ford offroad', 'toyota pickup', 'toyota suv 2024', 'new toyota suv 2025', 'best new suv', 'best new truck', '4 cylinder 4runner', 'v8 4runner']",411567,14697,1061
GHiBHgWOzIw,WERE GETTING MARRIED IN....,UCDSJCBYqL7VQrlXfhr1RtwA,Les Do Makeup,26,2024-04-11T00:00:24Z,,187088,7820,675
fampr-iP_y4,Final Shape: Prismatic Subclasses. 2 Exotics at once. New enemy types. They actually cooked.,UCkmAjbIecTIjTQctolYeuDw,Datto,20,2024-04-09T23:00:16Z,"['datto', 'destiny gameplay', 'destiny 2', 'destiny 2 gameplay', 'datto does destiny', 'destiny', 'destiny new gameplay', 'guide', 'season 23', 'season of the wish', 'final shape', 'prismatic subclass', 'exotic class item', 'exotic']",268196,11503,1193
3qSm4fmEQFA,ASMR Scratching Your Back Until You Sleep,UCBmEi75U56KU6ZphFbXiF3g,edafoxx ASMR,24,2024-04-09T19:17:54Z,"['Scratching Your Back Until You Sleep', 'back scratching asmr nails', 'back scratching massage', 'asmr tingles down your spine', 'asmr personal attention sleep', 'asmr tingles roleplay', 'asmr tingles', 'back scratching', 'gibi asmr', 'edafoxx']",263290,7765,598
yvB5gQVyVtI,Detailed Look! All New 2025 6th Gen Toyota 4Runner TRD Pro!,UCVaQcr-1Ct5xIzpjF8P9VzQ,TRD JON,2,2024-04-10T02:15:02Z,,129678,3698,817
3ApL-DnDxsg,NRL 2024 | Eels v Wests Tigers | Match Highlights,UC33-OkQ6VCYk8xtml8Pk4-g,NRL - National Rugby League,17,2024-04-01T07:09:49Z,"['NRL', 'National Rugby League', 'Games', 'Matches', 'Highlights', 'Rugby', 'Telstra Premiership', 'Fox Sports', 'State of Origin', 'Nine', 'NRL Highlights', 'NRL Game Highlights', 'Rugby League Highlights', 'Rugby League', 'NRL Full Match', 'NRL Live', 'Watch NRL', 'NRL Match Highlights', 'Rugby league highlights', 'NRL 2023', 'NRL 2023 highlights', 'NRL23', 'NRL23 highlights', 'NRL scores', 'nrl schedule', 'nrl draw']",210241,2496,349
WvzZYynDkwA,Heeramandi: The Diamond Bazaar | Sanjay Leela Bhansali | Official Trailer | Netflix India,UCZSNzBgFub_WWil6TOTYwAg,Netflix India,24,2024-04-09T12:22:27Z,"['Manisha Koirala', 'SLB', 'aditi rao hydari', 'heera mandi netflix', 'heera mandi trailer', 'heera mandi trailer sanjay leela', 'heeramandi netflix', 'heeramandi official trailer', 'heeramandi sanjay leela', 'heeramandi sanjay leela bhansali', 'heeramandi teaser', 'netflix', 'netflix india', 'netflix shows', 'sanjay leela bhansali', 'sanjay leela bhansali film', 'sanjay leela bhansali movies', 'sanjay leela bhasali productions', 'sonakshi sinha', 'web series']",20859368,99549,6465
fPAeRGBDrBM,DRIVING MARCUS RASHFORDS WRECKED ROLLS ROYCE FOR THE FIRST TIME,UCcLYOTz3ct6_lk9iLToxxAw,Mat Armstrong,2,2024-04-09T17:54:32Z,"['marcus rashford', 'rolls royce', 'mat armstrong', 'matt armstrong', 'marcus rashford rolls royce', 'rashford crash', 'rashford car crash', 'marcus rashford crash', 'manchester united', 'man utd news', 'rashford rolls royce accident', 'marcus rashfords car crash', 'rolls royce wraith', 'matt armstrong rolls royce', 'rebuilding a rolls royce']",3356547,158364,5199
UJHejXUP4io,I Played My FIRST EVER Professional Game! (Project NFL Ep. 8),UC4mLlRa_dezwvytudo9s1sw,Deestroying,24,2024-04-08T20:02:27Z,,1088315,43984,1735
kmNk_3yml1k,Fredo Bang - F.A.N (Official Video),UC8FHFLWe9KkG0eoxPMIgcpg,Fredo Bang,10,2024-04-08T21:00:07Z,,313540,16200,2181
F_Rspu3Xoi4,The Beach Boys | Official Trailer,UCuaFvcY4MhZY3U43mMt1dYQ,Walt Disney Studios,1,2024-04-09T16:00:06Z,,547471,11662,805
F_HOrMmWoMA,"The ""Artificial Intelligence"" Rice Cooker.",UC7Jwj9fkrf1adN4fMmTkpug,DankPods,28,2024-04-09T21:30:02Z,,325685,24411,1716
erLbbextvlY,7 Days Stranded On An Island,UCX6OQ3DkcsbYNE6H8uQQuVA,MrBeast,24,2024-03-30T16:00:01Z,,112379571,4683747,129536
uj049-ccbeM,Hay Day: County Fair,UCBrMq7wkdPWb3PxR-GUR61A,Hay Day,20,2024-04-09T12:48:53Z,"['Hay Day', 'HayDay', 'Supercell', 'Suprcell', 'Farming', 'Farm life', 'mobile', 'tablet', 'mobile game', 'game', 'yt:cc=on', 'ios', 'android', 'amazon', 'series', 'farmer', 'pig', 'horse', 'cow', 'sheep', 'goat', 'puppy', 'dog', 'kitten', 'cat', 'fishing', 'sanctuary', 'elephant', 'zebra', 'giraffe', 'hippo']",756207,23344,505
4ZZGU7_f_Rs,UConn vs. Purdue - 2024 men's National Championship extended highlights,UCKjEtnnXEHsXE9IvCb92V7g,March Madness,17,2024-04-09T03:40:45Z,"[""2022 NCAA Men's Division I Basketball Tournament (Sports League Championship Event)"", 'Connecticut Huskies', 'Connecticut Huskies vs. Purdue Boilermakers', 'Purdue Boilermakers', 'college basketball', 'college hoops', 'march madness', 'ncaa', 'ncaa basketball', 'condensed game', 'march madness highlights', 'national championship', 'national championship highlights', 'title game', 'uconn', 'uconn vs purdue', 'uconn purdue', 'uconn highlights', 'uconn purdue highlights', 'purdue', 'zach edey', 'donovan clingen', 'ncaa mbb']",995942,7926,1458
KUT2IstU7Ig,Gift Swap Challenge at Five Below! - Merrell Twins,UCwtnkRZcvL4bfopzJ-Von8Q,merrelltwins,23,2024-04-09T16:00:36Z,"['Merrell Twins', 'Twins', 'Merrell', 'Veronica Merrell', 'Vanessa Merrell', 'Twin', 'Comedy', 'Family Friendly', 'swap', 'twin swap', 'gift swap']",204072,9442,375
wboGYls1Bns,Pushpa 2 The Rule Teaser | Allu Arjun | Sukumar | Rashmika Mandanna | Fahadh Faasil | DSP,UCKZSn5C-RzrLjuWJF8wWiDw,Mythri Movie Makers,24,2024-04-08T05:37:05Z,"['Pushpa 2 The Rule Teaser', 'Allu Arjun', 'Sukumar', 'Rashmika Mandanna', 'Fahadh Faasil', 'DSP', 'Pushpa: The Rule Glimpse', 'Mythri Movie Makers', 'Allu Arjun Pushpa', 'Allu Arjun Pushpa Movie', 'Devi Sri Prasad', 'Pushpa 2 Teaser', 'pushpa 2 telugu movie', 'Pushpa 2 The Rule', 'Pushpa 2', 'Pushpa The Rule', 'Pushpa Telugu Teaser', 'Pushpa The Rule Teaser', 'Pushpa The Rule Trailer', 'Pushpa The Rule Updates', 'Pushpa2', '2024 Latest Telugu Movie Teasers', 'Pushpa', 'Allu Arjun new movie teaser', '2024 latest Telugu teasers']",108791104,1549113,52403
61FZMurmE1c,Solar Eclipse 2024: Crowd in Downtown Dallas reacts to totality,UCruQg25yVBppUWjza8AlyZA,FOX 4 Dallas-Fort Worth,25,2024-04-08T19:15:47Z,"['news', 'video', 'kdfw', 'fox 4', 'eclipses', 'downtown dallas eclipse', 'eclipse reaction', 'solar eclipse reaction', 'solar eclipse', 'texas solar eclipse', 'solar eclipse 2024', 'eclipse 2024']",977383,11142,2047
Snz_0-NC_Bo,Surprising Zach With a Giant Shrek Cake,UCpi8TJfiA4lKGkaXs__YdBA,The Try Guys,23,2024-04-10T15:00:18Z,"['try guys', 'keith', 'ned', 'zach', 'eugene', 'habersberger', 'fulmer', 'kornfeld', 'yang', 'buzzfeedvideo', 'buzzfeed', 'ned & ariel', 'comedy', 'education', 'funny', 'try', 'learn', 'fail', 'experiment', 'test', 'tryceratops', 'the try guys', 'keith habersberger', 'zach kornfeld', 'eugene lee yang', 'comedy video', 'youtuber', 'celebrity', 'pop culture', 'trending topics', 'tiktok trends', 'buzzfeed celeb', 'new series', 'ned fulmer', 'baking', 'jonnycakes', 'is it cake', 'cake', 'cake decorating', 'shrek cake', 'shrek', 'birthday party decoration', 'birthday cake', 'birthday party']",475547,30914,1236
gTtFKY5AX48,"Cody Rhodes & Seth ""Freakin"" Rollins vs. Rock & Roman Reigns: WrestleMania XL Saturday highlights",UCJ5v_MCY6GNUBTO8-D3XoAg,WWE,17,2024-04-07T04:29:35Z,"['Cody Rhodes', 'Roman Reigns', 'Seth Freakin Rollins', 'The Bloodline', 'The Rock', 'superstars', 'world wrestling entertainment', 'wrestle', 'wrestler', 'wrestling', 'wwe', 'wwe 2024', 'ŸÖÿµÿßÿ±ÿπŸá', '‡§ï‡•Å‡§∂‡•ç‡§§‡•Ä', '‡§°‡§¨‡•ç‡§≤‡•Ç ‡§°‡§¨‡•ç‡§≤‡•Ç ‡§à', '‡§™‡§π‡§≤‡§µ‡§æ‡§®', '‡§Æ‡•à‡§ö', '‡§µ‡•ç‡§Ø‡§æ‡§µ‡§∏‡§æ‡§Ø‡§ø‡§ï ‡§ï‡•Å‡§∂‡•ç‡§§‡•Ä', '‡§∏‡•Å‡§™‡§∞‡§∏‡•ç‡§ü‡§æ‡§∞', 'Wrestlemania', 'wrestlemania 40', 'wm', 'wm40', 'mania', 'mania 40', 'wrestlemania 2024', 'wwe wrestlemania', 'wrestlemania highlights', 'wrestlemania match', 'wrestlemania xl', 'wm xl']",2541885,54331,4417
8xhehywx29k,J. Cole Apologized,UCnxQ8o9RpqxGF2oLHcCn9VQ,fantano,10,2024-04-09T00:50:08Z,"['music', 'anthony fantano', 'needle drop', 'j cole', 'kendrick lamar', 'diss', '7 minute drill', 'song', 'track', 'lyrics', 'beef', 'drama', 'apology', 'statement', 'dreamville', 'rap', 'hip hop', 'might delete later', 'reaction', 'review', 'response', 'like that', 'drake']",465551,21455,3602
lbPJXWDa6oM,Why We Left Car Throttle,UCSwl4SnA68L8iDfj5gBf-yA,All The Gear,22,2024-04-11T17:03:00Z,"['car throttle', 'carthrottle', 'jack joy', 'ethan smale', 'alex kersten', 'edwin klinkenberg-evans', 'will chandler', 'autoalex', 'autoalex cars', 'top dead center', 'top dead centre', 'adventure', 'road trip', 'cars', 'automotive', 'challenges', 'all the gear']",126242,17008,1503
0_uF2D_f1Fs,Spoit vs Snapiyy 1v1,UCbE6TtMNc62m7d20j9tdeVw,Spoit,20,2024-04-08T23:20:31Z,"['rainbow six siege', 'gameplay', 'pro league', 'rainbow', 'rainbow 6 siege', 'six', 'siege', 'rainbow six: siege', 'ranked', 'strategy', 'highlight', 'godly', 'tactic', 'rainbow six siege gameplay', 'rainbow six siege new operators', 'rainbow six siege operators', 'rainbow six siege clutch', 'funny moments', 'champion', 'Spoit', ""tom clancy's rainbow six¬Æ siege"", 'rainbow six siege funny moments', 'rainbow six siege tips', 'spoitr6', 'beaulo', 'R6', 'meatymarley', 'BikiniBodhi', 'MeatyMarley R6', 'Azami', 'Rainbow Six Esports', 'R6s', 'Operation Deep Freeze']",407720,13500,490
8f-S01gjqI8,Transformers: The Last Knight - Cosmonaut Picture Show,UCqTYHSnBUXZamsVcOlQf-fg,The Cosmonaut Variety Hour,24,2024-04-08T16:43:51Z,,388662,25999,1595
d846WI05ySU,HIT ME HARD AND SOFT,UCiGm_E4ZwYSHV3bcW1pnSeQ,Billie Eilish,10,2024-04-08T15:02:00Z,,1056024,171427,8305
9hnV77jJuPg,SPENDING EASTER WITH MY BOYFRIENDS FAMILY | Golden Egg Hunt & Scaring The Kids,UCABbEMDC2EdsLuF0pkoV_cg,Jathaly,22,2024-04-08T20:42:53Z,"['easter vlog', 'easter egg hunt', 'couples vlog', 'couples channel', 'spending easter with my boyfriends family', 'nathaly cuevas', 'jacob macias', 'jathaly', 'couples video', 'couples vacation']",226857,10009,324
CToHJvXEO_A,Something Needs to Change‚Ä¶ my first week living at home,UC-vaBe-YMpvcZL5rQ5OopZw,morgans vlogs,22,2024-04-08T17:53:30Z,"['morgan', 'Morgans vlogs', 'Morgan adams', 'Ryland adams', 'Morgan Adams vlogs', 'house reno', 'house renovation', 'demo', 'my house tour', 'vlogmas', 'shane', 'vlog', 'family competition', 'Ryland Shane morgan', 'vlogger', 'Morgan and trinity', 'weight loss transformation', 'fitness transformation', 'kitchen tour', 'kitchen makeover', 'kitchen transformation', 'house tour', 'new house tour', 'extreme transformation', 'diy house tour', 'new kitchen', 'MOVING', 'moving day', 'im moving', 'move with me', 'moving vlogs', 'morgan house', 'reno']",326261,20326,2493
xaLQCrrgTyo,Polo G - Cloudy Sky (Official Video),UC0ifXd2AVf1LMYbqwB5GH4g,Polo G,10,2024-04-07T20:00:07Z,"['polo g', 'polog', 'polo capalot', 'polocapalot', 'polo g new song', 'polo g new video', 'hood poet', 'hoodpoet']",1156988,80523,4266
Hu6lnE_VvVQ,"Las Vegas attorney kills 2, self in Summerlin law office shooting: sources",UCFuzExfO2fUVmNK5_COvsNg,8 News Now ‚Äî Las Vegas,25,2024-04-09T00:28:03Z,"['video', 'news', 'en espa√±ol']",791821,6194,2384
U1_0YRwTQr4,Building the Redstone Shop! - Hermitcraft 10 #8,UC4YUKOBld2PoOLzk0YZ80lw,Tango Tek,20,2024-04-08T15:00:21Z,,371418,28568,1157
06MlcC1T2vo,IShowSpeed at WWE Wrestlemania..,UCWsDFcIhY2DBi3GB5uykGXA,IShowSpeed,20,2024-04-08T13:31:11Z,['ishowspeed'],3472995,202959,9231
gbmh_fZPE1E,Epic Gender Reveal Surprise for our Twins! (Shocked),UCvK5d4dVvVpez5s0eNpobMw,Hanging with the Hehners,22,2024-04-08T23:57:40Z,"['Pregnancy', 'preggo', 'surprise', 'ttc', 'pregnant', 'hehner', 'announcement', 'baby', 'mom life', 'dad life', 'family', 'real talk', 'hmcp', 'hot marriage cool parents', 'doug', 'jamie', 'hanging', 'vlog', 'behind the scenes', 'positivity', 'mom', 'dad', 'fun', 'funny', 'reality tv', 'mafs', 'married at first sight', 'tv', 'show', 'family life', 'home', 'chat', 'feeling', 'praying', 'tips', 'blessing', 'helpful', 'real life', 'challenge', 'stigma', 'podcast', 'hot', 'intimate', 'sex', 'hope', 'relationship', 'married life', 'parenting', 'motivational', 'toddler talk', 'from the heart', 'best life', 'love', 'babies', 'twins']",244309,4450,398
scPBmrzdD0g,Luffy Transforms to Gear 5 for Rob Lucci | One Piece,UC6pGDc4bFGD1_36IKv3FnYg,Crunchyroll,1,2024-04-07T17:00:34Z,"['one piece', 'one piece anime', 'one piece egghead island', 'crunchyroll', 'anime', 'anime trailer', 'anime preview', 'anime full episode', 'crunchyroll collection', 'daily clips', 'anime pv', 'anime op', 'anime opening', 'anime highlights']",2491039,65775,3542
tTi-6-NSxNo,No glasses? How to make eclipse viewer at home,UC72UssJ1DNQcakZXm-B2-zw,WCVB Channel 5 Boston,25,2024-04-08T10:07:37Z,"['Boston', 'eclipse', 'eclipse viewer', 'glasses']",264657,467,
lW7enw6mFxs,FLY ME TO THE MOON - Official Trailer (HD),UCz97F7dMxBNOfGYu3rx8aCw,Sony Pictures Entertainment,1,2024-04-08T13:59:06Z,,991903,22931,1409
7ToK9d5eSp4,"Developer Update | Competitive, Defense Matrix, & more",UClOf1XXinvZsy4wKPAkro2A,PlayOverwatch,20,2024-04-10T16:00:05Z,"['Overwatch 2', 'Overwatch']",212538,14797,2209
ZOqwZwh4wPo,"FULL SEGMENT: Cody Rhodes and The Rock's story has just begun: Raw highlights April 8, 2024",UCJ5v_MCY6GNUBTO8-D3XoAg,WWE,17,2024-04-09T02:26:51Z,"['Cody Rhodes', 'The Rock', 'superstars', 'world wrestling entertainment', 'wrestle', 'wrestler', 'wrestling', 'wwe', 'wwe 2024', 'ŸÖÿµÿßÿ±ÿπŸá', '‡§ï‡•Å‡§∂‡•ç‡§§‡•Ä', '‡§°‡§¨‡•ç‡§≤‡•Ç ‡§°‡§¨‡•ç‡§≤‡•Ç ‡§à', '‡§™‡§π‡§≤‡§µ‡§æ‡§®', '‡§Æ‡•à‡§ö', '‡§µ‡•ç‡§Ø‡§æ‡§µ‡§∏‡§æ‡§Ø‡§ø‡§ï ‡§ï‡•Å‡§∂‡•ç‡§§‡•Ä', '‡§∏‡•Å‡§™‡§∞‡§∏‡•ç‡§ü‡§æ‡§∞', 'Raw clips', 'raw videos', 'raw highlights', 'raw winners', 'monday night raw clips', 'monday night raw highlights', 'raw tonight', 'raw match card', 'raw highlights this week', 'The Rock Cody Rhodes', 'WWE Champion', 'WWE Universal Champion']",2641394,64409,7912
XtBbjxbIXEU,Dallas Mavericks vs. Phoenix Suns Full Game Highlights | NBA 2024 Highlights,UCPUYSRanbuP9_CG0kXFRSAw,Mavericks Madness,17,2024-04-09T03:15:01Z,"['NBA', 'Dallas Mavericks', 'Mavericks', 'Luka Doncic', 'Doncic', 'Mavericks highlights', 'nba', 'nba game today', 'nba highlight', 'warriors', 'stephen curry', 'Lebron James', 'nba highlight game', 'top nba', 'Los Angeles Lakers', 'LeBron James', 'Anthony Davis', 'NBA Highlights 2022', 'The Asylum', 'highlights today', 'lakers highlights today', 'NBA Today', 'NBA Highlights Today', 'NBA Full Game Highlights', 'nba playoffs', 'nba today', 'hooper highlights', 'freedawkins', 'nba full game highlights', 'Kevin Durant', 'Mavericks today']",492315,2761,150
v3mTRLpA2Rk,I Built a SECRET McDonald's in My Room!,UCwVg9btOceLQuNCdoQk9CXg,Ben Azelart,24,2024-04-06T20:24:02Z,"['ben azelart', 'brent rivera', 'Lexi rivera', 'stokes twins', 'ben Azelart girlfriend', 'Lexi rivera boyfriend', 'mylifeaseva', 'lexi hensler', 'Andrew davila', 'pierson', 'Pierson wodzynski', 'Jeremy hutchins', 'dom brack', 'Brent and pierson', 'Airrack', 'mrbeast', 'preston', 'unspeakable', 'Mathew beem', 'Ryan trahan', 'i built a secret room', 'i built', 'secret', ""mcdonald's"", '4 secret rooms', '5 secret rooms']",12925975,153470,10783
UQuIVsNzqDk,"This Invention Made Disney MILLIONS, but Then They LOST It!",UCSpFnDQr88xCZ80N-X7t0nQ,Corridor Crew,24,2024-04-07T16:00:31Z,"['Mary Poppins', 'Sodium Vapor', 'Paul Debevec', 'Greenscreen', 'Chroma Key', 'Bluescreen', 'Green Screen', 'Blue Screen', 'vfx', 'special effects', 'visual effect', 'magic crystal', 'disney', 'technology', 'experiment', 'test', 'make']",2519193,179578,6840
tnb8XcGbYCM,Dude Perfect vs. MLB Pitcher,UCRijo3ddMTht_IHyNSNXpNQ,Dude Perfect,17,2024-04-06T14:00:01Z,"['dude perfect', 'dude perfect stereotypes', 'dude perfect water bottle flip', 'bottle flip', 'water bottle flip', 'dude perfect bottle flip', 'dude perfect basketball', 'dp', 'dude perfect world record', 'edition', 'nerf', 'trick shots', 'trick shot', 'family', 'ping pong', 'bowling', 'clean', 'family friendly', 'bubble wrap', 'soccer', 'football', 'spinner', 'spinners', 'fidget spinners', 'dude']",5833149,178261,8092
PraFso1sVIc,Demon Slayer: Kimetsu no Yaiba Hashira Training Arc | OFFICIAL TRAILER,UC6pGDc4bFGD1_36IKv3FnYg,Crunchyroll,1,2024-04-08T15:00:31Z,"['demon slayer', 'demon slayer anime', 'kimetsu no yaiba', 'demon slayer hashira training arc', 'demon slayer hashira training pv', 'crunchyroll', 'anime', 'anime trailer', 'anime preview', 'anime full episode', 'crunchyroll collection', 'daily clips', 'anime pv', 'anime op', 'anime opening', 'anime highlights']",2022824,94023,2369
nQ0Z19Y23-4,The All-New 2025 Toyota 4Runner TRAILHUNTER Is the New SUV You Didn't Expect!,UC6S0jAvcapqJ48ZzLfva12g,The Fast Lane Car,2,2024-04-10T02:13:07Z,"['2025 toyota 4runner', '2025 toyota 4runner hybrid', '2025 toyota 4runner trd pro', '2025 toyota 4runner limited', '2025 toyota 4runner redesign', '2025 toyota 4runner reveal', '2025 toyota 4runner engine', '2025 toyota 4runner price', '2025 toyota 4runner interior', '2025 toyota 4runner release date', 'toyota 4runner', 'new 2025 toyota 4runner', '2025 toyota 4runner news', '2025 toyota 4runner hybrid mpg', 'toyota 4runner 2025', 'tflcar', '4runner6g', 'trailhunter', '4runner trailhunter']",206542,5443,1203
cqyicx_NobM,Manchester United v. Liverpool | PREMIER LEAGUE HIGHLIGHTS | 4/6/2024 | NBC Sports,UCqZQlzSHbVJrwrn5XvzrzcA,NBC Sports,17,2024-04-07T17:30:24Z,"['nbc sports', 'premier', 'league', 'premier league', 'premier league highlights', 'english premier league', 'premier league goals', 'premier league soccer', 'english premier league live', '2023/24 premier league season', 'premier league 23/2024', 'premier league live', 'english premier league today', 'matchweek 32', 'matchweek 32 highlights', 'liverpool', 'manchester united', 'liverpool analysis', 'darwin nunez', 'Manchester united vs liverpool', 'mohammed salah', 'manchester united vs liverpool highlights']",952841,11106,927
uREFaFUnFkc,UFC 300 Embedded: Vlog Series - Episode 1,UCvgfXK4nTYKudb0rFR6noLA,UFC,17,2024-04-08T17:24:53Z,"['Alex Pereira', 'Cody Garbrandt', 'Weili Zhang', 'Aljamain Sterling', 'Jamahal Hill', 'Max Holloway', 'Bo Nickal', 'Justin Gaethje', 'UFC 300', 'Light Heavyweight Championship', ""Women's Strawweight Championship"", 'MMA', 'UFC Performance Institute', 'UFC Fight Night', 'MMA training', 'UFC fighters Vegas', 'vegas']",955755,22664,2318
KfYX7rl3PJk,When Movie Bloopers Were Too Good To Cut!,UCiI_jyH_0yttWG-m5fBYGmA,TheLaughPlanet,24,2024-04-07T14:50:12Z,"['movie bloopers', 'bloopers', 'movie', 'ad lib', 'improvised', 'final cut', 'funny', 'movie bloopers that made it to the final cut', 'funny movie bloopers']",1279428,17726,462
dx_gLTBG7tA,JOKER 2 TRAILER REACTION! Joker: Folie √† Deux Teaser Trailer Breakdown | Joaquin Phoenix | Lady Gaga,UC7_WiJnJxpm4MRNesRttzWg,Reel Rejects,24,2024-04-10T02:00:16Z,"['joker', 'joker 2', 'joker folie a deux', 'joker 2 trailer', 'joker 2 trailer reaction', 'joker 2 teaser reaction', 'joker 2 teaser trailer reaction', 'joker 2 movie reaction', 'joker folie a deux trailer reaction', 'joker folie a deux teaser reaction', 'joker folie a deux official teaser trailer']",183086,9722,586
hEDhRqHLQjA,"Arena, Lee Sin & PvE Mode First-Look | Dev Update - League of Legends",UC2t5bjwHdUX4vM2g8TRDq5g,League of Legends,20,2024-04-08T15:00:39Z,"['Riot Games', 'Riot', 'League of Legends', 'League', 'LoL', 'MOBA']",460482,19816,1572
BT_83vSP1es,GloRilla ‚Äì Wanna Be feat. Megan Thee Stallion (Official Music Video),UC9bZ9eWvF0eXVqrxK9ve7Nw,theofficialGloRilla,10,2024-04-05T17:00:06Z,"['#PTE', '#GloRilla']",6821170,264669,11157
wS6skDv-avk,NICOLE TOURS SDSU! San Diego State University VLOG | The Laeno Family,UCET3BoQ9qHtqi-HAAzi8_-A,The Laeno Family,22,2024-04-07T19:00:31Z,,536975,27062,1265
NiumbLU82ls,The Many Scandals of Steam's Worst Games,UC2Egt30phfTNZO5Yxb-sbyw,ManyKudos,20,2024-04-07T18:00:08Z,"[""The Many Scandals of Steam's Worst Games"", 'RCTW', 'Roller Coaster Tycoon', 'Roller Coaster Tycoon World', 'RCT World', '2k24', 'NBA 2K24', '2k', 'MOBILE SUIT GUNDAM BATTLE OPERATION 2', 'Spacebase DF-9', 'Spacebase DF9', ""Uriel's Chasm"", 'Uriels Chasm', 'CODMWII', 'CODMW2', 'MW2', 'Call of Duty: MW2', 'Overwatch 2', 'OW2']",354962,19420,1400
Om-IuKs2GqA,3 Days Ice Camping On North America's Largest Frozen Lake - Catch & Cook Lake Trout,UCL_BZpt0J9Kqwy6YPWr30ow,Mav,24,2024-04-07T23:49:13Z,"['Mav', 'Mavrikjoos', 'mavrik joos', 'Truck Camping']",345537,12823,622
Tuaq64VZWHI,Revealing a Secret Project I've Been Building for a Year (It Will Change Everything),UC8ha6SsRNvDGkwcPTCXkW3g,BamaBass,22,2024-04-08T00:01:01Z,,370021,18642,971
AG950rFreYo,Shannon Sharpe‚Äôs Lakers take had Stephen A. ALMOST fall out of his chair üòÇ | First Take,UCVSSpcmZD2PwPBqb8yKQKBA,NBA on ESPN,17,2024-04-08T15:20:30Z,"['Stephen A. Smith', 'Stephen A.', 'Stephen A. Smith First Take', 'First Take', 'First Take ESPN', 'First Take Stephen A. Smith', 'First Take Stephen A.', 'Stephen A Smith', 'Stephen A Smith First Take', 'Stephen A First Take', 'Stephen A. Vs Shannon Sharpe', 'Shannon Sharpe', 'Shannon Sharpe First Take', 'Molly Qerim', 'Molly Qerim First Take', 'ESPN First Take', 'lakers', 'nuggets', 'mavericks', 'tim legler first take', 'nba predictions', 'NBA on ESPN', 'ESPN NBA', 'NBA', 'ESPN']",270535,3365,884
Q_3cpQvjU50,KNOCKOUT CHAOS | Anthony Joshua vs. Francis Ngannou Fight Highlights,UCurvRE5fGcdUgCYWgh-BDsg,DAZN Boxing,17,2024-03-09T02:47:43Z,"['dazn', 'boxing', 'highlights', 'full fight', 'ko', 'knockout', 'top 10', 'The DAZN Boxing Show', 'Boxeo', 'Pugile', 'dazn boxing', 'anthony joshua', 'knockout chaos', 'francis ngannou', 'joshua ngannou', 'aj', 'aj ngannou', 'mma', 'ufc']",12880471,155945,25594
7lY6UMqjdX0,"Sammy Hagar Covers Toby Keith's ""I Love This Bar"" | 2024 CMT Music Awards",UCStBfpQeA4imrUzPJoTXoFA,CMT,24,2024-04-08T02:31:29Z,"['cmt awards', 'CMT Awards 2024', 'live performances', 'awards show kickoff', 'music award night', 'country music television', ""tonight's performances"", 'music event', 'CMT Awards highlights', 'country music stars', 'musical acts', 'award show performances', 'country music celebration', 'music awards ceremony', 'live music event', 'upcoming music performances', 'country music artists', 'CMT exclusive', 'cmt awards red carpet', 'music industry awards', 'live entertainment', 'Sammy Hagar', 'Toby Keith']",438099,2995,248
liNJPPqo0c8,WBB Postgame: (Iowa) South Carolina Press Conference 04/07/24,UCIJ8yiBEYi7OSDtJmTZnUZQ,South Carolina Gamecocks,17,2024-04-07T23:57:01Z,,133275,3055,537
VZIm_2MgdeA,JoJo Siwa - Karma (Official Video),UCK4Gv-nQkIl-n17sfSmshGA,JoJoSiwaVEVO,10,2024-04-05T04:00:06Z,"['JoJo Siwa New Song', 'JoJo Siwa Karma', 'JoJo Siwa Official Music', 'JoJo Siwa TikTok', 'JoJo Siwa Boomerang', 'JoJo Siwa Kid in candy store', ""I'm come back like boomerang"", ""Karma's bitch"", 'was bad girl', 'did some bad things', ""and she's with you right now"", 'JoJo Siwa Nickelodeon', 'JoJo Siwa Adult Music', 'JoJo Siwa Bows', 'JoJo Siwa Official Music Video', 'JoJo Siwa Music Video', 'Karmas bitch should have known better', 'was', 'bad', 'girl', 'did', 'some']",19699170,184310,174113
mqBAYpriu0k,Toby Keith's Family Tears Up During 2024 CMT Music Awards Tribute,UCdtXPiqI2cLorKaPrfpKc4g,Entertainment Tonight,24,2024-04-08T13:00:28Z,"['Toby Keith', 'Lainey Wilson', 'Sammy Hagar', 'CMT Music Awards']",784460,4059,351
ttXi7hokD4w,AMP MASTERCHEF JUNIOR,UCJbYdyufHR-cxOuY96KIoqA,AMP,24,2024-04-06T18:01:19Z,"['AMP MASTER CHEF', 'AMP MASTERCHEF JR', 'AMP MASTER CHEF JUNIOR', 'AMP MASTER CHEF JR', ""AMP HELL'S KITCHEN"", 'AMP COOKING', ""AMP HELL'S KITCHEN JUNIOR"", 'KAI CENAT', 'FANUM', 'DUKE DENNIS', 'AGENT 00', 'IMDAVISSS', 'CHRISNXTDOOR']",1590892,59876,2382
WkLqgkW9h_w,Olivia Rodrigo - obsessed (live from rehearsal),UCxE5jEls-T0QtlTHT8lI1lw,OliviaRodrigoVEVO,10,2024-04-09T16:00:21Z,"['Olivia', 'Rodrigo', 'obsessed', '(live', 'from', 'GUTS', 'rehearsal)', 'Pop']",600628,55549,1934
gO160cr8LyU,I Bought 100 Mini Products that ACTUALLY Work!,UC5Hi0UkephOloKgZKLM9e-w,Anazala Family ,24,2024-04-06T14:23:25Z,"['Anazala Family', 'Anazala', 'I bought Mini items that actually work', 'Amazon', 'banned amazon products', 'banned items on amazon', 'weirdest amazon products', 'I bought 100 banned amazon products', 'amazon', 'Jordan Matter', 'Salish Matter', 'salish', 'jordan', 'daughter', 'my daughter', 'family', 'Brent Rivera', 'lexi rivera', 'Challenge', 'the anazala family', 'royalty family', 'Ace Family', 'mila', 'asala', ""I Bought the WORLD'S SMALLEST Items that ACTUALLY Work!"", ""world's smallest products that actually work""]",3009993,45862,11172
wUQGQXPKh_k,BABYMONSTER (Î≤†Ïù¥ÎπÑÎ™¨Ïä§ÌÑ∞) - Intro+SHEESH @Ïù∏Í∏∞Í∞ÄÏöî inkigayo 20240407,UCS_hnpJLQTvBkqALgapi_4g,SBSKPOP X INKIGAYO,24,2024-04-07T10:13:51Z,"['Inkigayo', 'Ïù∏Í∏∞Í∞ÄÏöîÏßÅÏ∫†', 'ÏïàÎ∞©1Ïó¥ÏßÅÏ∫†', 'Ïä§Î∏åÏä§ÏºÄÏù¥Ìåù', 'Ïä§Î∏åÏä§ ÏßÅÏ∫†', 'Ïù∏Í∏∞Í∞ÄÏöî', 'Ïù∏Í∞Ä', 'ÏùåÎ∞©', 'ÏùåÏïÖÎ∞©ÏÜ°', 'Î≤†Ïù¥ÎπÑÎ™¨Ïä§ÌÑ∞', 'BABYMONSTER', 'SHEESH', 'Ïâ¨Ïãú', 'Î≤†Ïù¥ÎπÑÎ™¨Ïä§ÌÑ∞ Îç∞Î∑î', 'Î≤†Ïù¥ÎπÑÎ™¨Ïä§ÌÑ∞ Ïª¥Î∞±', 'Î≤†Ïù¥ÎπÑÎ™¨Ïä§ÌÑ∞ Ïã†Í≥°', 'Î≤†Ïù¥ÎπÑÎ™¨Ïä§ÌÑ∞ Î¨¥ÎåÄ', 'Î≤†Ïù¥ÎπÑÎ™¨Ïä§ÌÑ∞ ÏßÅÏ∫†', 'Î≤†Ïù¥ÎπÑÎ™¨Ïä§ÌÑ∞ ÌéòÏù¥Ïä§Ï∫†', 'Î≤†Ïù¥ÎπÑÎ™¨Ïä§ÌÑ∞ Ïù∏Í∞Ä', 'Î≤†Ïù¥ÎπÑÎ™¨Ïä§ÌÑ∞ ÏùåÎ∞©', 'Î≤†Ïù¥ÎπÑÎ™¨Ïä§ÌÑ∞ Ïù∏Í∏∞Í∞ÄÏöî', 'Î£®Ïπ¥', 'ÌååÎ¶¨ÌÉÄ', 'ÏïÑÏÇ¨', 'ÏïÑÌòÑ', 'ÎùºÎØ∏', 'Î°úÎùº', 'ÏπòÌÇ§ÌÉÄ', 'RUKA']",4864984,435968,16971
HKeiTLw3zTQ,2024 National Championship: Iowa Hawkeyes vs. South Carolina Gamecocks | Full Game Highlights,UCiWLfSweyRNmLpgEHekhoAg,ESPN,17,2024-04-07T21:29:55Z,"['Iowa Hawkeyes', 'South Carolina Gamecocks', ""NCAA Women's Basketball Tournament"", 'South Carolina Gamecocks vs Iowa Hawkeyes', 'south carolina gamecocks vs iowa hawkeyes', ""women's college basketball"", 'south carolina women‚Äôs basketball', 'dawn staley', 'caitlin clark', 'kamilla cardoso', 'caitlin clark highlights', 'caitlin clark iowa', 'caitlin clark basketball', 'caitlin clark iowa basketball', 'iowa caitlin clark highlights', 'hawkeyes caitlin clark', 'gamecock women‚Äôs basketball', 'ncaa women‚Äôs basketball']",1822727,19955,7476
o6a3PmY244M,Rich People Keep Trying To Build Cities,UCoo-9GEm2mpyYIXSptrKIpA,2 Danny 2 Furious,22,2024-04-06T17:00:25Z,"['danny gonzalez', 'dannygonzalez', 'funny', 'skit', 'vine comedy', 'vines']",1353482,82839,3264
Z3-IulIyBtU,Race Highlights | 2024 Japanese Grand Prix,UCB_qr75-ydFVKSF9Dmo6izg,FORMULA 1,17,2024-04-07T07:32:56Z,"['F1', 'Formula One', 'Formula 1', 'Sports', 'Sport', 'Action', 'GP', 'Grand Prix', 'Auto Racing', 'Motor Racing', '2024 Japanese Grand Prix', 'Japanese Grand Prix', 'Japanese', 'Japan', 'JapanGP', 'Japanese GP', 'Suzuka']",5782896,119308,4768
cyZvUklpXzI,"2024 Eclipse: What to expect, from the awe-inspiring to the ""very strange""",UCVT1tPkR-fUVlO652EcO3ow,CBS Sunday Morning,25,2024-04-07T13:08:00Z,"['CBS Sunday Morning', 'CBS News', 'news', 'solar eclipse']",512038,3914,787
_tY28QzOI-Q,"Lainey Wilson Covers Toby Keith's ""How Do You Like Me Now?!"" | 2024 CMT Music Awards",UCStBfpQeA4imrUzPJoTXoFA,CMT,24,2024-04-08T02:48:05Z,"['Cmt awards', 'cmt country music awards', 'country music', 'country music awards', 'country music performances', 'cmt 2024', 'cmt awards 2024', 'music performances', 'award show performance', 'country music stars', 'country music singers', 'live performances', 'live country music', 'country music performers', 'Lainey Wilson Performs', '2024 CMT Music Awards', '2024 CMT', 'Lainey Wilson', 'Lainey Wilson performs 2024', 'lainey wilson 2024 cmt awards', 'cmt awards performance', 'How Do You Like Me Now?!', 'Toby Keith']",342205,2658,300
c67oWfYU_rY,we need to talk,UCVKFs0cesQUEGtn8gQmhbHw,Brittany Vasseur,26,2024-04-07T16:54:04Z,"['brittany vasseur divorce', 'divorce update', 'brittany vasseur husband', 'brittany vasseur restraining order']",215808,17491,1468
JPg_6ZCngTU,I built a LEGO CRUISE SHIP...,UCUU3GdGuQshZFRGnxAPBf_w,TD BRICKS,24,2024-04-05T19:04:55Z,"['lego', 'lego moc', 'lego boat', 'lego ship', 'lego cruise ship', 'lego set', 'lego sets', 'lego city', 'lego minifigure', 'lego minifig', 'lego how to', 'lego creation', 'lego mocs', 'lego build', 'lego movie', 'lego masters', 'master builder', 'legos', 'lego meme', 'lego funny', 'td bricks', 'brick science', 'sacred', 'sacred bricks', 'brick engineering']",8537405,92394,4140
Wl9EmRip9V4,Manchester United v Liverpool | Key Moments | Quarter-final | Emirates FA Cup 2023-24,UCChcWqwYXCEs657MQ00qVWA,The Emirates FA Cup,17,2024-03-17T18:26:21Z,"['Liverpool', 'Manchester United', 'Manchester United vs. Liverpool']",8335751,129642,4745
Ii4jXrMqXf4,"17,000 units of cargo being rerouted to the peach state after Baltimore bridge collapse",UC4DGZQHLsQRK3v8lKTGu_Uw,WJCL News,25,2024-04-08T01:57:47Z,['Savannah'],104073,762,
EM1e9UsY_BM,WWE WRESTLEMANIA 40 NIGHT 2 FULL SHOW REVIEW (ENDGAME),UC60Z18qxfHNBdI-c_dE6z1Q,MrSantiZap,17,2024-04-08T06:48:47Z,"['WWE', 'Wrestling', 'WWE Superstars', 'WWE Network', 'WWE Raw', 'WWE SmackDown', 'WWE Pay-Per-View', 'WWE Champions', 'WWE News', 'WWE Rumors', 'WWE Events', 'WWE Hall of Fame', 'WWE Merchandise', 'WWE Tag Team', ""WWE Women's Division"", 'WWE Universal Championship', 'WWE Intercontinental Championship', 'WWE World Heavyweight Championship', 'WWE WrestleMania', 'WWE SummerSlam.', 'summerslam', 'roman reigns', 'john cena', 'all elite wrestling']",241047,12697,2057
qcH2wgRLiV8,"Is the iPhone ""Illegal?""",UCBJycsmduvYEL83R_U4JriQ,Marques Brownlee,28,2024-04-07T15:45:40Z,"['iPhone illegal', 'walled garden', 'MKBHD', 'ecosystem', 'Apple ecosystem', 'Apple lawsuit']",2843394,117385,12221
1BEOiO_Vdfw,Excavator and driveway maintenance,UCUujfNBK9uv3cIW-P5PX7vA,Andrew Camarata,2,2024-04-07T02:57:07Z,,558462,37763,1298
Fz2J8GUQlNQ,when the $10 youtube poop outsells call of duty,UCWzLmNWhgeh3h1j-M-Isy0g,TheRussianBadger,20,2024-04-05T16:59:46Z,,3177806,240637,8149
POFfk5l-wHo,72 Hours Living in NEW CyberTruck Basecamp,UC4ijq8Cg-8zQKx8OH12dUSw,Kara and Nate,19,2024-04-06T15:05:00Z,"['tesla cybertruck', 'tesla truck', 'elon musk', 'car camping', 'car camping tent', 'van life', 'kara and nate', 'tesla', 'joshua tree', 'camping', 'car camping cybertruck', 'cybertruck', 'cybertruck review', 'mkbhd', 'tesla review', 'electric truck', 'travel']",1160493,31766,2103
VQq0gQvKJmM,I Built My House out of LEGO!,UCR_J_SntqJh5eXw66d5hJxA,Matthew Beem,22,2024-04-06T16:13:20Z,"['mbeem10', 'matthew beem', 'beem team', 'matthew beam', 'lego', 'lego house', 'real lego house', 'treehouse', 'dog house', 'spongebob', 'fish tank', 'lego moc', 'lego mocs', 'lego creation', 'lego creator', 'lego set', 'lego sets', 'lego theme park', 'lego meme', 'lego stop motion', 'lego movie', 'lego vlog', 'lego memes', 'lego tutorial', 'lego minifigure', 'lego roller coaster', 'lego amusement park', 'lego theme park moc', 'lego builder', 'lego building', 'lego satisfying', 'lego cool', 'hidden fort', 'secret room']",1198969,23918,1392
bim08kQXfbI,Will my CHILDHOOD Truck RUN & DRIVE After sitting Abandoned for YEARS?,UCS87-wYrvmexsLkBj0jhrnQ,Junkyard Digs,2,2024-04-06T17:57:15Z,"['abandoned', 'revival', 'first', 'start', 'first start', 'run', 'drive', 'and', 'will', 'it', 'can', 'we', 'junkyard', 'digs', 'cars', 'trucks', 'truck', 'jyd', 'junk', 'yard', 'diggs', 'ford', 'ranger', 'stx', 'childhood', 'memories', 'feel good', 'wholesome', 'my first truck', 'will it run', 'will it drive', 'run & drive', 'RUN AND DRIVE']",436333,29641,1561
zyJKuaya9sQ,WWE superstar Cody Rhodes talks defeating Roman Reigns,UChDKyKQ59fYz3JO2fl0Z6sg,TODAY,17,2024-04-08T14:31:17Z,"['Interview', 'NBC News', 'News', 'Today', 'Today Show', 'current events', 'newscast', 'politics']",529830,19256,1552
7bLh8jx6-Gw,"Brooks & Dunn Cover Toby Keith's ""Should've Been A Cowboy"" | 2024 CMT Music Awards",UCStBfpQeA4imrUzPJoTXoFA,CMT,24,2024-04-08T02:42:15Z,"['cmt awards', 'CMT Awards 2024', 'live performances', 'awards show kickoff', 'music award night', 'country music television', ""tonight's performances"", 'music event', 'CMT Awards highlights', 'country music stars', 'musical acts', 'award show performances', 'country music celebration', 'music awards ceremony', 'live music event', 'upcoming music performances', 'country music artists', 'CMT exclusive', 'cmt awards red carpet', 'music industry awards', 'live entertainment', 'Brooks & Dunn', 'Toby Keith']",351734,2220,555
HjLOsFwtzGQ,mobile game tier list,UCXMwCQVey4PhdWFJ6WhAVhA,SocksStudios,23,2024-04-06T16:00:17Z,"['tier list', 'mobile games', 'funny', 'best mobile games', 'animation', 'funny tier list', 'old mobile games', 'video game tier list', 'tier list shorts', 'smash like games tier list', ""mobile games aren't the same"", 'dead games tier list', 'tier list video games', 'funny animations', 'gamecube tier list', 'mobile game', 'the most desperate mobile game', 'gaming tier list', 'angry birds', 'subway surfers', 'clash of clans', 'clash royale', 'pokemon go', 'among us', 'geometry dashry dash', 'jetpack joyride', 'flappy birds']",1610403,48729,8111
Nn_vOGB3mvE,MADNESS! MANCHESTER UNITED 2-2 LIVERPOOL! GOLDBRIDGE Reaction,UCMmVPVb0BwSIOWVeDwlPocQ,The United Stand,17,2024-04-07T17:10:22Z,"['Manchester United', 'Man United', 'Man Utd', 'The United Stand', 'United Stand', 'Manchester United News', 'MUFC', 'Man Utd News', 'United', 'Manchester United Latest News', 'Manchester United Transfer News', 'Mark Goldbridge', 'Man United live', 'live stream', 'Erik ten Hag', 'Man Utd Live', 'Man Utd live stream', 'Premier League live', 'Goldbridge', 'Manchester United live stream', 'Ten Hag', 'Erik Ten Hag', 'Liverpool', 'Liverpool live', 'Manchester United Liverpool', 'Man Utd vs Liverpool']",374552,8716,883
uungtAFCrZc,I Built a Monster Chopper,UCrGDhgrJH1G9CVHY1krv5lQ,Jake Carlini,24,2024-04-06T14:30:19Z,"['monster bike', 'chopper', 'motorcycle', 'motorcycle build', 'monster chopper', 'chopper bike', 'made of trash']",659843,15428,1401
qVDef-iaLhg,Watch live: SpaceX Falcon 9 rocket Launches 21 Starlink satellites from California,UCoLdERT4-TJ82PJOHSrsZLQ,Spaceflight Now,28,2024-04-07T02:57:18Z,,276115,5730,100
Pqm84IboMCU,Gordon Ramsay Messed Up The Simplest Dish (Grilled Cheese),UCVjlpEjEY9GpksqbEesJnNA,mrnigelng,23,2024-04-07T14:00:24Z,"['nigel ng', 'uncle roger', 'nigel ng comedy']",1218243,55066,5253
xfsHU6gi9OY,"Earthquake, aftershocks shake New York, New Jersey",UCNZyLULUQBp5e9Q1cKtvk6Q,CBS New York,25,2024-04-06T00:40:00Z,"['CBSN New York', 'New York', 'New Jersey', 'Earthquake']",1651107,11787,2111
aVho4PLF6iE,Ranking Every Boxed Mac & Cheese | Ranked with Babish,UCJHA_jMfCvEnv-3kRjTCQXw,Babish Culinary Universe,22,2024-04-05T21:00:01Z,"['mac and cheese', 'boxed mac and cheese', 'mac and cheese recipe', 'mac and cheese asmr', 'mac and cheese mukbang', 'babish', 'binging with babish', 'cooking with babish', 'basics with babish', 'babbish', 'andrew rea', 'recipe', 'pasta', 'noodles', 'cheese', 'kraft', 'kraft mac and cheese', 'easy mac', 'cheetos', 'cheesy noodles', 'how to make mac and cheese', 'food', 'comfort food', 'baked mac and cheese', 'southern food recipes', 'ranking', 'ranked', 'rated', 'mac and cheese ranked', 'ranking mac and cheese', 'babish ranking', 'babish pizza']",685221,22112,1635
pRAsQss17xs,12 Things NO-ONE Tells You About Japan | Feat. @CDawgVA,UCHL9bfHTxCMi-7vfxQ-AYtg,Abroad in Japan,24,2024-04-07T14:53:25Z,"['japan', 'cdawgva', 'abroad in japan', 'trash taste']",831809,40679,1875
e2_kwRND5aE,GloRilla - Wanna Be feat. Megan Thee Stallion (Official Audio),UCmlkznD61Olu82oYGFr8gxg,GloRillaVEVO,10,2024-04-05T04:00:21Z,"['GloRilla', 'Megan', 'Thee', 'Stallion', 'Wanna', '(Audio)', 'CMG/Interscope', 'Records', 'Hip', 'Hop']",1066552,37394,2494
29gtNZxV4YM,J. Cole Responded and It's Bad,UCnxQ8o9RpqxGF2oLHcCn9VQ,fantano,10,2024-04-06T01:25:44Z,"['music', 'anthony fantano', 'needle drop', 'j cole', 'kendrick', 'kendrick lamar', 'diss', 'like that', 'response', 'beef', 'drama', 'lyrics', 'bars', '7 minute drill', 'might delete later', 'mixtape', 'song', 'track', 'rap', 'hip hop', 'rapper', 'new', 'reaction', 'review']",465191,20902,5373
1XxOFv46FtY,Chelsea v. Manchester United | PREMIER LEAGUE HIGHLIGHTS | 4/4/2024 | NBC Sports,UCqZQlzSHbVJrwrn5XvzrzcA,NBC Sports,17,2024-04-04T22:03:21Z,"['nbc sports', 'premier', 'league', 'premier league', 'premier league highlights', 'english premier league', 'premier league goals', 'premier league soccer', 'english premier league live', '2023/24 premier league season', 'premier league 23/2024', 'premier league live', 'english premier league today', 'chelsea', 'chelsea goal', 'Manchester United', 'chelsea vs manchester united', 'chelsea vs manchester united highlights', 'cole palmer', 'cole palmer goal', 'cole palmer highlights', 'cole palmer hat trick']",1392405,21182,2251
mKdjycj-7eE,"Stop This Train, Win a Lamborghini",UCX6OQ3DkcsbYNE6H8uQQuVA,MrBeast,24,2024-03-16T16:00:00Z,,116091988,4290059,126959
jyYIiWZNptQ,Film Theory: Spider-Man is His Own WORST Enemy! (Spider Man Across the Spider Verse),UC3sznuotAs2ohg_U__Jzj_Q,The Film Theorists,1,2024-04-07T17:05:00Z,"['The spider within', 'the spider within a spider-verse story', 'spiderman', 'spider-man', 'spider man', 'spider-verse', 'spider verse', 'across the spider-verse', 'across the spider verse', 'spider-man across the spider-verse', 'spiderman across the spider verse', 'beyond the spider-verse', 'beyond the spider verse', 'the spider-verse', 'spider man the spider within', 'the spider within short', 'marvel', 'mcu', 'marvel studios', 'miles morales', 'spiderman 2', 'ps5 spider man', 'sony', 'film theory', 'film theorists', 'matpat']",981670,59544,3390
uozpWN6BNPg,"Chencho Corleone, Peso Pluma - HUMO (Official Video)",UC1OYPVbzAZJBT5Bspjg9hng,ChenchoCorleoneVEVO,10,2024-04-04T23:00:06Z,"['Chencho Corleone', 'Peso Pluma', 'Chencho Corleone Humo', 'Peso Pluma Humo', 'Chencho Corleone 2024', 'Peso Pluma 2024', 'Humo Official Video', 'Humo Video Oficial', 'Humo Single', 'Humo Letra', 'Humo Lyrics', 'Chencho Corleone Peso Pluma', 'HUMO']",4773459,157614,6047
YbZ-4X_9VvI,J. COLE RESPONDED! THE WAR BEGINS! | J. Cole - 7 Minute Drill (REACTION!!!),UCKUCm3FepRrl-VKhq0Wwajg,No Life Shaq,24,2024-04-05T05:22:10Z,"['Nolifeshaq reactions', 'hip hop reactions', 'music', 'j cole disses kendrick lamar', 'j cole disses kendrick', 'j cole might delete later', 'j cole 7 minute drill', 'j cole says kendrick fell off', 'nolifeshaq j cole disses kendrick lamar', 'hip hop', 'j. cole', 'j. cole response to kendrick lamar']",1245307,72556,11508
q0eyGbCKBfo,"YTB Fatt - ""Same"" (Official Video)",UCqfqdCqPHxgtdJ0m32obDiw,YTB Fatt ,10,2024-04-04T18:00:07Z,,1230548,29392,952
hyr8ZCHrGQI,10 Things You SHOULD Be Buying at Costco in April 2024,UC5Qbo0AR3CwpmEq751BIy0g,The Deal Guy,28,2024-04-05T14:31:28Z,"['the deal guy', 'costco', 'costco store', 'costco secrets', 'costco haul', 'costco shopping', 'costco shop with me', 'flavcity', 'costco tips', 'costco shopping secrets', 'costco canada', 'costco australia', 'costco deals', 'costco 2024', '2024 costco', 'what to buy at costco', '10 things you should buy at costco', 'Things You Should ALWAYS Buy at Costco', 'best things costco', 'costco shopping 2024', 'new at costco', 'costco april 2024', 'costco april', 'april costco', 'april costco 2024', 'shopping']",1104048,51521,658
nz7B9zVGowI,"Taskmaster Series 17, Episode 2 - 'Jumungo.' | Full Episode",UCT5C7yaO3RVuOgwP8JVAujQ,Taskmaster,23,2024-04-05T20:00:07Z,"['Taskmaster', 'Alex Horne', 'Greg Davies', 'Frank Skinner', 'Josh Widdicombe', 'Romesh Ranganathan', 'The Horne Section', 'Tim Key', 'Dave Channel', 'UKTV', 'Red Dwarf', 'Would I Lie To You', '8 out of 10 cats', 'Taskmaster full episodes', 'james acaster', 'bob mortimer', 'channel 4', 'panel show', 'uk comedy', 'comedy', 'joanne mcnally', 'john robins', 'nick mohammed', 'steve pemberton', 'sophie willan', 'jumungo']",510875,11740,704
4-uXvx5M7XA,Total solar eclipse causing tourism boost across U.S.,UClwddNv0Cr6SIEGkzVK886w,FOX 9 Minneapolis-St. Paul,25,2024-04-08T15:55:44Z,"['morning-news', 'Eclipses', 'travel', 'travel news', 'weather', 'economy']",354380,2310,585
SV9SwKd6J3w,R O U N D 6 ÔΩú Alien Stage,UCch9Dmg5Juwp8MZGvAmAp4Q,VIVINOS,1,2024-04-05T09:00:08Z,,2647788,192102,13296
M_U_rzlVVdA,Why Utah is So Weird,UC9RM-iSvTu1uPJb8X5yp3EQ,Wendover Productions,27,2024-04-05T14:43:46Z,,922865,33847,3950
ktjvgseCjYE,Doja Cat - MASC (Official Video) ft. Teezo Touchdown,UCpTaAz_BxtkUB1qc8JTU_7g,dojacatVEVO,10,2024-04-05T04:00:05Z,"['Doja Cat feat. Teezo Touchdown', 'MASC', 's2claude', 'doja cat leak', 'doja cat hair', 'doja cat tiktok live', 'scarlet deluxe', 'doja cat disrespectful', 'piss', 'headhigh', 'urrrrge!!!!!!!!', 'asap rocky', 'acknowledge me', 'okloser', 'doja cat teaser', 'doja cat tiktok trend', 'paint the town red', 'demons', 'wet vagina', 'fuck the girls', 'ouchies', 'gun', 'go off', 'cant wait', 'often', 'love life', 'skull and bones', 'attention', 'balut', 'paint the town red dance', 'scarlet', 'agora', 'hills', 'video']",4959537,145045,7252
d7DdLRe5QgM,skibidi toilet 72 (full episode),UCsSsgPaZ2GSmO6il8Cb5iGA,DaFuq!?Boom!,24,2024-04-05T06:30:18Z,"['sfm animation', 'skibidi toilet vs cameramen', 'skibidi toilet', 'scientist skibidi', 'tv woman', 'titan cameraman', 'titan speakerman', 'skibidi toilet all episodes', 'titan tv man', 'g-toilet', 'gman toilet']",21224269,692379,30999
84QeCD7y_Ds,Buying My Dream Car At 21,UChQ-d14tHB62nskossxO0tw,Joe Fazer,24,2024-04-07T18:00:03Z,"['gym', 'youtube', 'bodybuilder', 'powerlifter', 'vlog', 'vlogging', 'funny', 'muscle', 'eating', 'davidlaid', 'david', 'laid', 'gymshark', 'dream car', 'buying a porsche', 'porsche taycan', 'porsche', 'buying a new car', 'buying a car at 20', 'teen bodybuilder', 'how much money does joe fazer make', 'joe fazer rich']",456899,38601,1702
SBTA3Tegacs,Murder Drones Training Video,UCn_FAXem2-e3HQvmK-mOH4g,GLITCH,1,2024-04-05T19:00:12Z,"['meta runner', 'glitch productions', 'funny', 'video game', 'webtoon', 'cartoon', '3d animation', 'animation', '2d animation', '3d art', 'animated web series', 'web series', 'online animation', 'newgrounds', 'nintendo', 'fortnite', 'minecraft', 'smg4', 'mario', 'supermarioglitchy4', 'anime', 'western shounen', 'naruto', 'my hero academia', 'zelda', 'glitch']",2897337,242630,14351
8SIST9t72kY,Tales of the Empire | Official Trailer | Disney+,UCZGYJFUizSax-yElQaFDp5Q,Star Wars,24,2024-04-04T17:00:04Z,"['star wars', 'star wars animation', 'tales of the empire', 'the jedi', 'morgan elsbeth', 'Barris', 'lucasfilm', 'sith', 'darth vader']",3273254,162465,12289
LEc2up6cBlE,Making a Dog-Sized Furby Robot (and taking it on a walk),UCUuMYw2l2UeWyTGYixYfRCA,Evan and Katelyn,26,2024-04-05T16:00:26Z,"['evanandkatelyn', 'Evan and Katelyn', 'evan and katelin', 'even and katelin', 'even and katelyn', 'evan and caitlin', 'how to', 'DIY', 'husband and wife', 'husband wife', 'E&K', 'evan katelyn', 'couple', 'robot dog', 'robot dog diy', 'diy robot dog', 'furby', 'diy furby', 'furby diy', 'furby project', 'furby robot', 'robot furby', 'robotic furby', 'furby robot dog', 'evan katelyn furby', 'furbot', 'creepy diy', 'robotics', 'unitree go2', 'unitree', 'go2 pro', 'odd body', 'oddbody', 'oddbody Furby', 'odd body Furby']",802049,52940,4694
asqxzaNGRWo,2024 Final Four: UConn Huskies vs. Iowa Hawkeyes | Full Game Highlights,UCiWLfSweyRNmLpgEHekhoAg,ESPN,17,2024-04-06T03:45:43Z,,2194666,19490,5222
Agz6BMn968s,J COLE AIN'T DISSAPOINT | J. Cole - 7 Minute Drill (Official Audio) | DISSECTED,UCJ0DMUCkJqSlLg2_WsX8dfA,LawTWINZ,20,2024-04-05T18:50:40Z,,218403,11094,2128
7XlHCoEJenE,Am I retiring From Youtube?,UCYzPXprvl5Y-Sf0g4vX-m6g,jacksepticeye,24,2024-04-05T16:56:12Z,['jacksepticeye'],2271630,266207,26097
aFsfJYWpqII,Food Delivery Apps: Last Week Tonight with John Oliver (HBO),UC3XTzVzaHQEd30rQbuvCtTQ,LastWeekTonight,24,2024-04-04T11:00:02Z,,3828651,104939,10091
d2HL9lueCdI,Crocodile Tearz,UC0ajkOzj8xE3Gs3LHCE243A,J. Cole - Topic,10,2024-04-05T04:02:08Z,"['J. Cole', '„Ç∏„Çß„Ç§„Ç≥„Éº„É´', 'JÔºé „Ç≥„Éº„É´', 'Might Delete Later', 'Crocodile Tearz']",1448160,35882,704
P6NMN8mbnyI,"Gaby Music, Anuel AA, Luar La L Ft. Lunay, Bryant Myers - No Te Quieren Conmigo | Remix",UCLfemkH30JPA_BOmvGvtRdg,GabyMusicVEVO,10,2024-04-05T00:15:06Z,"['Gaby Music', 'Anuel AA', 'Lunay', 'Luar La', 'Bryant Myers', 'No Te Quieren Conmigo', 'remix', 'no te quieren conmigo gaby music', 'no te quieren conmigo lunay', 'no te quieren conmigo luar la', 'no te quieren conmigo letra gaby music', 'Chris Jedi', 'Chris Jedi Gaby Music', 'Anuel AA Gaby Music', 'duro gaby music', 'duro', 'Dei', 'matricula', 'soltera gaby music', 'soltera lunay gaby music', 'no te quieren conmigo ozuna', 'no te quieren conmigo bryant myers', 'anuel']",3452552,149567,8416
kRlxTJSPKK8,Natanael Cano || BZRP Music Sessions #59,UCmS75G-98QihSusY7NfCZtw,Bizarrap,24,2024-04-04T00:00:30Z,"['Bizarrap', 'Bzrp', 'bzpp', 'bizapop', 'music session', 'bisarrap', 'bizzarrap', 'biza', 'bisa sesion', 'sesion', 'y miko', 'puerto rico', 'vol 58', 'bizza session', 'espa√±a', 'argentina', 'mexico', 'corridos', 'corritos tumbados', 'trap corrido', 'nata y biza', 'Natanael Cano || BZRP Music Sessions #59', 'nata session', 'endiamantado', 'entre las de 20', 'biza 59', 'bizza nata']",23974802,1490439,108301
ZPaJmVlsANA,DeeBaby - Chosen One ( Official Video ),UC4Um_x-Py3W1WFdMmxACOmg,Official DeeBabyTV,10,2024-04-04T17:32:35Z,,1234234,24189,1270
6T08dHO7GE4,Pricey,UC0ajkOzj8xE3Gs3LHCE243A,J. Cole - Topic,10,2024-04-05T04:04:30Z,"['J. Cole', '„Ç∏„Çß„Ç§„Ç≥„Éº„É´', 'JÔºé „Ç≥„Éº„É´', 'Ari Lennox', '„Ç¢„É™„É¨„Éé„ÉÉ„ÇØ„Çπ', '„Ç¢„É™„Éª„É¨„Éé„ÉÉ„ÇØ„Çπ', 'Young Dro', '„É§„É≥„Ç∞„Éâ„É≠„Éº', 'YOUNG DRO', 'Gucci Mane', '„Ç∞„ÉÉ„ÉÅ„É°„Ç§„É≥', '„Ç∞„ÉÉ„ÉÅ„Éª„É°„Ç§„É≥', 'Might Delete Later', 'Pricey']",1421228,37919,1043
pfjy7PhVtMo,"Quavo, Destroy Lonely - Potato Loaded",UCBBS37qiiYHkMBA42LgDmOg,QuavoVEVO,10,2024-04-05T04:00:06Z,"['Quavo', 'Destroy', 'Lonely', 'Potato', 'Loaded', 'Quality', 'Control', 'Music/Motown', 'Records', 'Hip', 'Hop']",1035172,48165,1968
7woAab29t9k,"SANTA FE KLAN, NICKY JAM - UNA RAYA M√ÅS (Video Oficial)",UC4Ge3cqrdyOszmnJTcMICcg,Santa Fe Klan Official,24,2024-04-05T00:00:07Z,,4255217,62945,2314
3RtAlXOz5bw,Spooky Bridge | Ep. 5 | Minecraft S0S,UCzTlXb7ivVzuFlugVCv3Kvg,LDShadowLady,20,2024-04-05T15:15:00Z,"['ldshadowlady', 'minecraft', 'mini game', 'girl gamer', 'pink hair', 'funny', 'walkthrough']",727547,47591,2701
dtpc7ZG_a9Q,Statue of Liberty struck by lightning during thunderstorm,UCVKYCeuR3OyO-M2rfUXHDyg,KTVB,25,2024-04-04T22:10:06Z,"['[ nation-world', 'news ]']",489968,4730,1699
Z0L-sBqdupQ,Millyz ft. Meek Mill - Soul Survivor (Official Video),UCe-ZNsLfNq0MPx1TBsOUsJg,Millyz,10,2024-04-04T22:14:40Z,"['Millyz', 'Meek mill', 'soul survivor', 'millyz soul survivor', 'meek mill soul survivor', 'millyz meek mill soul survivor', 'millyz meek mill', 'millyz official video', 'meek mill official video', 'soul survivor official video', 'millyz meek mill soul survivor official video', 'millyz meek mill soul survivor video']",1719025,62588,7545
uie8Z9nj2ho,"Client Gave Me $16,000, Then Changed His Mind",UC6I0KzAD7uFTL1qzxyunkvA,Blacktail Studio,26,2024-04-04T19:00:27Z,,2824395,53741,2722
xgapampqQ5Q,Biggest Peach Fan plays NEW Peach Game,UCBODyKF0JMbUd6D9Bklyzbw,Alpharad,20,2024-04-04T20:42:26Z,['alpharad'],823116,40005,1744
Uh6XHxqNDNU,Govana x Jada Kingdom - Pull Over (Official Music Video),UCGluLwnhI9qBeDAA1ZOpFcQ,Govana,22,2024-04-05T15:00:08Z,['govana'],564655,31094,918
q6Z02-PUzA8,Minecraft but I DESTROY PARKOUR CIVILIZATION,UC1HL3TABt6QGd_P857BH_CA,Evbo,20,2024-04-04T22:16:31Z,,1075960,26552,3549
kOanBE5Wg24,BABYMONSTER - ‚ÄòSHEESH‚Äô PERFORMANCE VIDEO,UCqwUnggBBct-AY2lAdI88jQ,BABYMONSTER,22,2024-04-04T15:00:01Z,"['BABYMONSTER', 'Î≤†Ïù¥ÎπÑÎ™¨Ïä§ÌÑ∞', 'Î≤†Î™¨', 'BABYMON', 'BAEMON', 'ÌïòÎûå', 'ÏïÑÌòÑ', 'Î£®Ïπ¥', 'ÏπòÌÇ§ÌÉÄ', 'ÌååÎ¶¨ÌÉÄ', 'Î°úÎùº', 'ÏïÑÏÇ¨', 'HARAM', 'AHYEON', 'RUKA', 'CHIQUITA', 'PHARITA', 'RORA', 'ASA']",28413915,713702,21559
8uLJT4FyneI,Future X Metro Boomin - We Still Don‚Äôt Trust You ‚Äì (Album Trailer #1),UCSDvKdIQOwTfcyOimSi9oYA,Future,10,2024-04-04T20:59:07Z,,714746,38410,2049
Bh_eQmUu-Ww,"The Really Good Podcast | Ari the Don: ""If it ain't sneezing, it ain't seasoned""",UCR6JgrsJ3RZKO8_eD7LNq_A,Bobbi Althoff,22,2024-04-03T20:46:30Z,,1052798,35228,2864
ApMrILhTulI,Starship | Third Flight Test,UCtI0Hodo5o5dUb67FeUjDeA,SpaceX,28,2024-04-05T02:14:05Z,,1067816,55419,3252
t7abcqBXe6Y,I let Twitch Chat make their own D&D campaign,UClyGlKOhDUooPJFy4v_mqPg,DougDoug,20,2024-04-03T21:38:23Z,"['DougDoug', 'DougDoug Youtube Channel', 'Channel Youtube DougDoug', 'doug doug', 'twitch', 'twitch chat', 'dougdoug twitch chat', 'twitch chat plays', 'dougdoug twitch']",1478353,73455,3161
g122XN-DQoY,Helldivers 2 - Warbond: Democratic Detonation Trailer | PS5 & PC Games,UC-2Y8dQb0S6DtpxNgAKoJKA,PlayStation,20,2024-04-04T16:00:37Z,"['PlayStation', 'PS5', 'video games', 'next gen', 'Sony', 'Helldivers 2', 'Warbond', 'Premium Warbond', 'Democratic Detonation', 'Democratic Detonation Premium Warbond', 'Helldivers 2 PS5', 'Helldivers Warbond', 'Democracy', 'Liberty', 'Helldivers Weapons']",621825,35029,2457
lf5rI6i8fWM,We Raced to Surprise Trade The Correct Pokemon,UCLc_ZQgQ8h2XKUAQpqcvIdw,PM7,20,2024-04-04T18:13:52Z,"['surprise trade', 'new pokemon', 'pokemon', 'pokemon surprise trade', 'pokemon scarlet and violet', 'surprise trade scarlet and violet', 'surprise trade race', 'surprise trade the correct pokemon', 'surprise the right pokemon', 'pokemon surprise trade race', 'we raced to surprise trade the correct pokemon', 'pm7 surprise trade', 'purplecliffe surprise trade', 'pm7 purplecliffe', 'shiny pokemon surprise trade', 'legendary pokemon surprise trade', 'shiny pokemon', 'shiny surprise trade', 'legendary surprise trade']",408486,15644,876
i2PATuQAleI,Best Friends Admit Who's Cheated,UCNzwsYxGc_AQSe5apbkIF6Q,Poppies Studios,23,2024-04-03T22:54:07Z,"['daidalvareeezy', 'David alvarez', 'jubilee', 'cut', 'zach justice', 'zach justice dropouts', 'zach justice blind dating', 'hunter march', 'dropouts podcast', 'alex wassabi', 'wassabi', 'wassabi productions', 'wassabi productions challenges', 'wassabi productions youtube', 'guava juice', 'roi wassabi', 'guava', 'wassabi vs guava', 'guava juice youtube', 'laura lee', 'manny mua', 'manny mua laura lee', 'laura lee vlogs', 'laura lee and manny mua', 'franny arrieta', 'nezza', 'franny and nezza', 'best friends', 'cheating', 'cheat', 'admit']",573513,26492,1315
EGJ7lxoRhlA,"21 Savage, Brent Faiyaz - should've wore a bonnet (Official Music Video)",UCOjEHmBKwdS7joWpW0VrXkg,21 Savage,10,2024-04-03T17:00:06Z,"['21 savage', '21 savage music video', ""21 savage should've wore a bonnet"", ""should've wore a bonnet"", 'shouldve wore a bonnet', 'shouldve wore a bonnet 21 savage', ""should've wore a bonnet video"", ""should've wore a bonnet music video"", 'brent faiyaz', '21 savage brent faiyaz', ""21 savage brent faiyaz should've wore a bonnet"", 'music video', '21 savage music', '21 savage 2024', '21 savage american dream', '21 savage new album', 'american dream 21 savage', 'atlanta rap', 'rap', 'hip hop', 'rap 2024', 'music video 2024']",1486841,74330,2383
xlbnI3bG5R0,I Melted Every Candy Into One Piece (ft. Ryan Trahan),UC3wc2MERkKAqNEtaiQslC-A,Hangtime,24,2024-04-03T22:11:22Z,"['hangtime', 'Ryan trahan']",1662404,36705,8542
RLY_px2PPPc,Primitive Technology: Wet Season Destroys Thatched Workshop,UCAL3JXZSzSm8AlZyD3nQdBA,Primitive Technology,28,2024-04-04T21:28:59Z,"['primitive technology', 'primitive', 'technology', 'primitive tech', 'technology primitive', 'tech primitive', 'prim technology', 'prim tech', 'tech prim', 'technology prim', 'building from scratch', 'build from scratch', 'thatched roof', 'outdoor shelter', 'outdoor survival', 'thatched workshop', 'storm', 'thatched hut', 'brick making', 'handmade shelter', 'survival outdoors', 'tropical storm', 'thatched', 'hut', 'wood ash', 'wood ash cement', 'natural pottery', 'outdoor tools', 'shelter', 'thatch', 'australia', 'australian wilderness']",952054,58260,2497
hjHoTmVd14I,J. Cole DISSES Kendrick Lamar‚Ä¶,UClCNSSL0q1TafS8kaYEAwew,NFR Podcast,10,2024-04-05T06:59:52Z,,179438,7147,3779
nk8xQFO7kMs,"GloRilla on Drake, Future, LeBron, Damian Lillard, Kai Cenat, DJ Akademiks, Beyonc√© & Cardi B",UCQoxJOkwaCgyzQtiuAIDcuw,Club Shay Shay,22,2024-04-03T16:00:07Z,"['Club Shay Shay', 'Club Shay Shay youtube', 'Shannon Sharpe podcast', 'Sharpe podcast', 'Shannon podcast', 'Club Shay Shay Shannon Sharpe', 'Club Shay Shay podcast', 'Shay Shay podcast', 'Shay Shay', 'Shannon Sharpe Club', 'Football', 'NFL', 'Basketball', 'Sports', 'Shannon Sharpe', 'Music', 'Movies', 'Comedian', 'Rapper', 'Actor', 'Athlete', 'GloRilla', 'Memphis', 'CMG', 'music', 'family', 'Michael Jackson', 'Katt Williams', 'LeBron James', 'Kobe Bryant', 'Pittsburgh Steelers', 'Lil Uzi Vert', 'Cardi B', 'Tiger Woods', 'music industry', 'NBA', 'Yo Gotti', 'hiphop']",2081037,54149,6441
cc2-4ci4G84,Discord Loot Boxes are here.,UCZ5XnGb-3t7jCkXdawN2tkA,Discord,24,2024-04-01T17:46:17Z,,3441674,199866,21234
HaACCon3cY4,Freddy FazBear Causes Despair,UC2d0Cp7XABGb3zpomS0d-WA,Doobus Goobus,20,2024-04-04T19:00:07Z,"['Freddy fazbear', 'fnaf', 'five night at freddys', 'five nights at freddys movie', 'matpat', 'game theory', 'chica', 'bonnie', 'foxy', 'pirate', 'animatronic', 'horror', 'cartoon', 'animation', 'animated', 'parody']",418647,47244,1264
IgCVt09lBlI,Shakira Howls Like a She-Wolf While Eating Spicy Wings | Hot Ones,UCPD_bxCRGpmmeQcbe2kpPaA,First We Feast,24,2024-04-04T15:00:12Z,"['First we feast', 'fwf', 'firstwefeast', 'food', 'food porn', 'cook', 'cooking', 'chef', 'recipe', 'cocktail', 'bartender', 'craft beer', 'complex', 'complex networks', 'spicy food', 'foodie', 'burgers', 'food documentary', 'shakira', 'shakira she wolf', ""hips don't lie"", ""hips don't lie shakira"", 'shakira songs', 'shakira hot ones', 'Las Mujeres Ya No Lloran', 'shakira las mujeres ya no lloran', 'shakira 2024']",1638042,72564,5729
v08qmr8m_-w,Imagine Dragons - Eyes Closed (Official Music Video),UCpx_k19S2vUutWUUM9qmXEg,ImagineDragonsVEVO,10,2024-04-03T16:00:06Z,"['Imagine', 'Dragons', 'Eyes', 'Closed', 'KIDinaKORNER/Interscope', 'Records', 'Alternative', '#ImagineDragons #EyesClosed', 'ImagineDragons', 'EyesClosed', 'Imagine Dragons', 'Eyes Closed', 'Radioactive', 'Rock music', 'Andrew Donaho', 'Dan Reynolds', 'Imagine Dragons live', 'Music Video', 'Imagine Dragons shirtless', 'Believer', 'Demons', 'The Boys', 'Arcane']",7546553,380138,10236
cTFMQMiCkfE,I BOUGHT ANOTHER ROLLS ROYCE TO FIX MARCUS RASHFORDS WRAITH,UC2FZQeaJkpnO6IMkQglvPsg,Mat Armstrong MK2,2,2024-04-04T17:00:19Z,"['marcus rashford', 'rolls royce', 'rashford crash', 'rashford car crash', 'marcus rashford crash', 'manchester united', 'rolls royce wraith', 'mat armstrong', 'matt armstrong', 'man utd news', 'marcus rashford rolls royce', 'rashford rolls royce accident', 'marcus rashfords car crash', 'rebuilding a rolls royce']",2481523,89066,2646
phGAeWcsSw8,GOTTA SEE IT: Rangers And Devils Engage In A Line Brawl Moments After Puck Drop,UCVhibwHk4WKw4leUt6JfRLg,SPORTSNET,17,2024-04-03T23:29:22Z,"['New Jersey Devils', 'New York Rangers', 'canada', 'hockey', 'hockey highights', 'nhl', 'nhl highlights', 'sports', 'sportsnet', 'gotta see it', 'fight', 'nhl fight', 'line brawl']",722212,7547,2027
qgCbcbw-kLg,GUTTED! CHELSEA 4-3 MANCHESTER UNITED! GOLDBRIDGE Reaction,UCMmVPVb0BwSIOWVeDwlPocQ,The United Stand,17,2024-04-04T22:12:48Z,"['Manchester United', 'Man United', 'Man Utd', 'The United Stand', 'United Stand', 'Manchester United News', 'MUFC', 'Man Utd News', 'United', 'Manchester United Latest News', 'Manchester United Transfer News', 'Mark Goldbridge', 'Man United live', 'live stream', 'Erik ten Hag', 'Man Utd Live', 'Man Utd live stream', 'Premier League live', 'Goldbridge', 'Manchester United live stream', 'Ten Hag', 'Erik Ten Hag', 'Chelsea', 'Chelsea Live', 'Chelsea Manchester United', 'Chelsea vs Manchester United', 'Chelsea vs Man Utd']",528564,11309,1624
CvrQI0bwm10,Basketball Evolution | LeBron James and JJ Redick | Mind the Game,UC6L_LBqoKZXFa4WxHox5iCw,Mind the Game Pod w/ LeBron James and JJ Redick,22,2024-04-03T11:00:20Z,"['lebron james', 'jj redick', 'lebron james jj redick', 'mind the game', 'nba', 'basketball', 'lakers', 'lebron highlights', 'jj redick highlights', 'lebron james podcast', 'lebron podcast', 'lebron james youtube', 'lebron youtube', 'mind the game podcast', 'mind the game youtube', 'jj redick lebron james mind the game', 'lebron miami heat', 'miami heat', 'chris bosh', 'dwyane wade', 'chris bosh dwyane wade lebron james', 'orlando magic lebron', 'chet holmgren', 'nikola jokic', 'lebron james high school', 'lebron first bucket']",1413103,50167,4134
m8alcf0y74Q,üçø,UCAOiVaJJlH0Oduv48NN0mMA,Ghost,10,2024-04-04T13:08:48Z,,209500,27598,2022
OTrJyeblibI,Danny McBride Breaks Down His Most Iconic Characters | GQ,UCsEukrAd64fqA7FjwkmZ_Dw,GQ,1,2024-04-03T16:00:06Z,"['alien: covenant', 'celebrity', 'danny mcbride', 'danny mcbride funny', 'danny mcbride gq', 'danny mcbride iconic characters', 'danny mcbride interview', 'danny mcbride kenny powers', 'danny mcbride movies', 'danny mcbride tropic thunder', 'eastbound & down', 'global creativity awards', 'gq', 'gq magazine', 'hot rod', 'iconic', 'iconic characters', 'kenny powers', 'pineapple express', 'the foot fist way', 'the righteous gemstones', 'this is the end', 'tropic thunder', 'vice principals', 'your highness']",937239,20125,1183
oKVYm8mIUdo,KISS OF LIFE (ÌÇ§Ïä§Ïò§Î∏åÎùºÏù¥ÌîÑ) 'Midas Touch' Official Music Video,UCvEEeBssb4XxIfWWIB8IjMw,KISS OF LIFE,10,2024-04-03T09:00:08Z,"['KISS OF LIFE', 'ÌÇ§Ïò§ÌîÑ', 'ÌÇ§Ïä§Ïò§Î∏åÎùºÏù¥ÌîÑ', 'ÎÆ§ÏßÅÎπÑÎîîÏò§', 'mv', 'ÎÆ§ÎπÑ', 'kpop', 'ÏºÄÏù¥Ìåù', 'Ïú†ÌäúÎ∏å', 'Ï•¥Î¶¨', 'ÎÇòÎù†', 'Î≤®', 'ÌïòÎäò', 'Ïã¨ÌòúÏõê', 'ÌïúÏ•¥Î¶¨', 'ÏõêÌïòÎäò', 'natty', 'haneul', 'belle', 'julie', 'Ìä∏Î†àÏùºÎü¨', 'ÏòàÍ≥†Ìé∏', 'Midas Touch', 'ÎßàÏù¥Îã§Ïä§ÌÑ∞Ïπò', 'ÎØ∏Îã§Ïä§ ÌÑ∞Ïπò', 'ÏÇ¨Îûë', 'LOVE']",8800518,438915,21207
7FZWCp1177c,BAKING KAED‚Äôs WEDDING CAKE !,UCmGzPNrhD32RsPlKYmyw6gg,B N S,1,2024-04-03T19:21:51Z,"['Bkleaan', 'KAED', 'Bryan Moran', 'Blesiv', 'Karen and Eddie', 'Wedding cake', 'How to make cakes', 'How to make a wedding cake', 'Deserts', 'Amanda Padilla', 'Stunnababy']",275920,11260,302
Or9S_nKrlUY,Nas - Sitting With My Thoughts (Official Video),UChE4aVxHHk5Mx9fZ2DaPJGw,Nas,10,2024-04-03T14:00:19Z,['Nas'],975009,69396,5095
AXeOKfQMFt4,South Park Snow Day is a DISASTER!,UCRELfrtyz_teOEQXjF04BIA,LS Mark,24,2024-04-03T18:57:57Z,"['South Park', 'LS Mark', 'LS Mark South Park', 'South Park Snow Day', 'Snow Day Review', 'South Park Review', 'New South Park Game', 'South Park 2024', 'Ranking EVERY South Park Episode', 'South Park Ranking', 'Eric Cartman', 'Stan Marsh', 'Randy Marsh', 'South Park Snow Day Review', 'LS Mark South Park Review', 'South Park 3D Game', '3D South Park Game', 'South Park Snow Day Good or Bad', 'South Park Snow Day is a Disaster!']",371043,16401,1595
Hg-V75MCJQE,Dwayne Johnson and Roman Reigns on Going Up Against Cody Rhodes and Seth Rollins in WrestleMania XL,UC8-Th83bH_thdKZDJCrn88g,The Tonight Show Starring Jimmy Fallon,23,2024-04-04T04:00:07Z,"['tonight show', 'jimmy fallon', 'tonight show jimmy fallon interview', 'interview', 'Dwayne Johnson', 'Roman Reigns', 'dads', 'wrestling', ""'80s"", 'Cody Rhodes', 'Seth Rollins', 'WrestleMania XL 2024', 'family', 'WrestleMania', 'NBC', 'NBC TV', 'Television', 'Funny', 'Talk Show', 'comedic', 'humor', 'snl', 'tonight', 'show', 'jokes', 'funny video', 'variety', 'comedy sketches', 'talent', 'celebrities', 'video', 'clip', 'highlight', 'The Rock', 'Dwayne the Rock Johnson', 'wrestler', 'wwe', 'world wrestling entertainment', 'fast and furious', 'fast & furious', 'jumanji', 'Moana', 'Disney']",1647900,51872,3020
